iteration_id,cost_metrics_area,cost_metrics_dollar_cost,cost_metrics_embCarbon,cost_metrics_energy,cost_metrics_latency,cost_metrics_opeCarbon,iteration_id,Chiplet_1_area,Chiplet_1_power,Chiplet_1_sram_buf,Chiplet_1_sys_array_size,Chiplet_1_tech_node,Chiplet_2_area,Chiplet_2_power,Chiplet_2_sram_buf,Chiplet_2_sys_array_size,Chiplet_2_tech_node,Chiplet_3_area,Chiplet_3_power,Chiplet_3_sram_buf,Chiplet_3_sys_array_size,Chiplet_3_tech_node,Chiplet_4_area,Chiplet_4_power,Chiplet_4_sram_buf,Chiplet_4_sys_array_size,Chiplet_4_tech_node,Chiplet_5_area,Chiplet_5_power,Chiplet_5_sram_buf,Chiplet_5_sys_array_size,Chiplet_5_tech_node,Chiplet_6_area,Chiplet_6_power,Chiplet_6_sram_buf,Chiplet_6_sys_array_size,Chiplet_6_tech_node,pkg_HI_pkg_type,pkg_inter_pkg_conn,pkg_mem_pkg_conn_Chiplet_1,pkg_mem_pkg_conn_Chiplet_2,pkg_mem_pkg_conn_Chiplet_3,pkg_mem_pkg_conn_Chiplet_4,pkg_mem_pkg_conn_Chiplet_5,pkg_mem_pkg_conn_Chiplet_6,pkg_mem_pkg_conn_mem_type,pkg_protocol_2.5d,pkg_protocol_3d,WL_mapping_mapping_assign_workload_in_ascending_order,WL_mapping_mapping_chiplet_data_sharing_enabled,WL_mapping_mapping_dataflow,WL_mapping_mapping_if_splitting_k,WL_mapping_mapping_merge_tiles,WL_mapping_mapping_static_tiling
0,2.2087925399999997,412804.9,9804.864494195677,4514127533.718142,286540.36156351794,106606.90580464834,0,2.20879254,4.475,3072,128x128,7,,,,,,,,,,,,,,,,,,,,,,,,,,2d,2d_na,8,,,,,,ddr5,na,na,1,0,os,1,0,0
1,6.726740457366197,1420900.55,24545.03399278591,1667214316.360416,170328.41748626684,75614.2243070172,1,0.743226759447044,1.3845915837374998,512,64x64,10,6.726740457366197,12.973514847541198,4096.0,192x192,10,,,,,,,,,,,,,,,,,,,,,3d,"{'from': 'Chiplet_2', 'to': 'Chiplet_1', 'connection_type': '3d_tsv', 'loc': 'stack0_base'},{'from': 'Chiplet_1', 'to': 'na', 'connection_type': '3d_tsv', 'loc': 'stack0_top'}",2,14.0,,,,,hbm3,na,ucie_3d,0,0,ws,1,0,0
2,33.2397765775361,4293947.59,72657.69930875098,2508614280.551379,94163.04029304029,97288.24544219527,2,0.656621759447044,1.3845915837374998,256,64x64,10,4.818150952,10.4826,6144.0,192x192,7,1.4141952089375351,1.7054115854749998,512.0,64x64,14,15.436124909546791,15.979573171754398,8192.0,192x192,14,,,,,,,,,,,2.5d_3d,"{'from': 'Chiplet_2', 'to': 'Chiplet_3', 'connection_type': '3d_hyb_bond', 'loc': 'stack0_base'},{'from': 'Chiplet_3', 'to': 'na', 'connection_type': '3d_hyb_bond', 'loc': 'stack0_top'},{'from': 'Chiplet_4', 'to': 'Chiplet_1', 'connection_type': '2.5d_rdl', 'loc': '2.5d_chiplet'},{'from': 'Chiplet_4', 'to': 'Chiplet_2', 'connection_type': '2.5d_rdl', 'loc': '2.5d_chiplet'},{'from': 'Chiplet_2', 'to': 'Chiplet_4', 'connection_type': '2.5d_rdl', 'loc': '2.5d_chiplet'},{'from': 'Chiplet_2', 'to': 'Chiplet_1', 'connection_type': '2.5d_rdl', 'loc': '2.5d_chiplet'},{'from': 'Chiplet_1', 'to': 'Chiplet_4', 'connection_type': '2.5d_rdl', 'loc': '2.5d_chiplet'},{'from': 'Chiplet_1', 'to': 'Chiplet_2', 'connection_type': '2.5d_rdl', 'loc': '2.5d_chiplet'}",1,3.0,1.0,11.0,,,hbm3,ucie_std,ucie_3d,1,0,ws,0,0,0
3,20.383333989488122,2269405.0,63589.26012964918,4989685334.439653,267923.2978658999,191269.16363137309,3,1.249405813087535,1.7054115854749998,256,64x64,14,1.131132696,2.51875,1536.0,96x96,7,15.436124909546791,15.979573171754398,8192.0,192x192,14,,,,,,,,,,,,,,,,2.5d_3d,"{'from': 'Chiplet_3', 'to': 'Chiplet_2', 'connection_type': '3d_tsv', 'loc': 'stack0_base'},{'from': 'Chiplet_2', 'to': 'na', 'connection_type': '3d_tsv', 'loc': 'stack0_top'},{'from': 'Chiplet_3', 'to': 'Chiplet_1', 'connection_type': '2.5d_emib', 'loc': '2.5d_chiplet'},{'from': 'Chiplet_1', 'to': 'Chiplet_3', 'connection_type': '2.5d_emib', 'loc': '2.5d_chiplet'}",1,1.0,6.0,,,,ddr4,aib,ucie_3d,1,0,os,1,0,0
4,3.665749090547913,977519.92,25468.09523453589,7321885132.100346,158367.47557003258,158142.94913401132,4,1.304342696,2.51875,2048,96x96,7,3.665749090547913,5.538366334949999,4096.0,128x128,10,,,,,,,,,,,,,,,,,,,,,3d,"{'from': 'Chiplet_2', 'to': 'Chiplet_1', 'connection_type': '3d_hyb_bond', 'loc': 'stack0_base'},{'from': 'Chiplet_1', 'to': 'na', 'connection_type': '3d_hyb_bond', 'loc': 'stack0_top'}",2,6.0,,,,,ddr5,na,ucie_3d,1,0,os,0,0,0
5,3.4256145449447324,511729.67,32030.37338503563,2655527577.0169406,215718.9189189189,73567.2353222107,5,1.3653681800824635,3.1172648505374996,512,96x96,10,1.7117881800824635,3.1172648505374996,1536.0,96x96,10,,,,,,,,,,,,,,,,,,,,,2.5d,"{'from': 'Chiplet_2', 'to': 'Chiplet_1', 'connection_type': '2.5d_emib', 'loc': '2.5d_chiplet'},{'from': 'Chiplet_1', 'to': 'Chiplet_2', 'connection_type': '2.5d_emib', 'loc': '2.5d_chiplet'}",7,9.0,,,,,hbm2,ucie_adv,na,1,0,os,0,0,0
6,7.419580457366197,989313.45,21036.905419671933,7043928818.9377365,282055.3259141494,196828.34285128763,6,7.419580457366196,12.973514847541198,6144,192x192,10,,,,,,,,,,,,,,,,,,,,,,,,,,2d,2d_na,8,,,,,,ddr4,na,na,0,0,is,0,0,0
7,3.4256145449447324,511729.67,32030.37338503563,1750963229.4319532,1182207.9251343594,167663.04138379093,7,1.3653681800824635,3.1172648505374996,512,96x96,10,1.7117881800824635,3.1172648505374996,1536.0,96x96,10,,,,,,,,,,,,,,,,,,,,,2.5d,"{'from': 'Chiplet_2', 'to': 'Chiplet_1', 'connection_type': '2.5d_emib', 'loc': '2.5d_chiplet'},{'from': 'Chiplet_1', 'to': 'Chiplet_2', 'connection_type': '2.5d_emib', 'loc': '2.5d_chiplet'}",7,9.0,,,,,hbm2,aib,na,1,0,ws,1,0,0
8,38.25629747520594,4728728.82,187535.01336772853,2299751430.330824,385447.2785954599,337818.7932456909,8,5.656782838920179,6.821646341899999,2048,128x128,14,8.112421457366196,12.973514847541198,8192.0,192x192,10,1.4141952089375351,1.7054115854749998,512.0,64x64,14,8.112421457366196,12.973514847541198,8192.0,192x192,10,1.249405813087535,1.7054115854749998,256.0,64x64,14,3.3193280905479132,5.538366334949999,3072.0,128x128,10,2.5d,"{'from': 'Chiplet_2', 'to': 'Chiplet_4', 'connection_type': '2.5d_emib', 'loc': '2.5d_chiplet'},{'from': 'Chiplet_2', 'to': 'Chiplet_1', 'connection_type': '2.5d_emib', 'loc': '2.5d_chiplet'},{'from': 'Chiplet_1', 'to': 'Chiplet_2', 'connection_type': '2.5d_emib', 'loc': '2.5d_chiplet'},{'from': 'Chiplet_1', 'to': 'Chiplet_6', 'connection_type': '2.5d_emib', 'loc': '2.5d_chiplet'},{'from': 'Chiplet_4', 'to': 'Chiplet_2', 'connection_type': '2.5d_emib', 'loc': '2.5d_chiplet'},{'from': 'Chiplet_4', 'to': 'Chiplet_6', 'connection_type': '2.5d_emib', 'loc': '2.5d_chiplet'},{'from': 'Chiplet_4', 'to': 'Chiplet_3', 'connection_type': '2.5d_emib', 'loc': '2.5d_chiplet'},{'from': 'Chiplet_6', 'to': 'Chiplet_1', 'connection_type': '2.5d_emib', 'loc': '2.5d_chiplet'},{'from': 'Chiplet_6', 'to': 'Chiplet_3', 'connection_type': '2.5d_emib', 'loc': '2.5d_chiplet'},{'from': 'Chiplet_6', 'to': 'Chiplet_4', 'connection_type': '2.5d_emib', 'loc': '2.5d_chiplet'},{'from': 'Chiplet_6', 'to': 'Chiplet_5', 'connection_type': '2.5d_emib', 'loc': '2.5d_chiplet'},{'from': 'Chiplet_3', 'to': 'Chiplet_4', 'connection_type': '2.5d_emib', 'loc': '2.5d_chiplet'},{'from': 'Chiplet_3', 'to': 'Chiplet_5', 'connection_type': '2.5d_emib', 'loc': '2.5d_chiplet'},{'from': 'Chiplet_3', 'to': 'Chiplet_6', 'connection_type': '2.5d_emib', 'loc': '2.5d_chiplet'},{'from': 'Chiplet_5', 'to': 'Chiplet_3', 'connection_type': '2.5d_emib', 'loc': '2.5d_chiplet'},{'from': 'Chiplet_5', 'to': 'Chiplet_6', 'connection_type': '2.5d_emib', 'loc': '2.5d_chiplet'}",3,5.0,1.0,4.0,1.0,2.0,hbm2,ucie_adv,na,0,0,ws,1,0,0
9,29.245143314744006,3024403.34,171929.0372158693,4204980139.0843735,656280.8428209102,486078.6311467836,9,4.9976252555201786,6.821646341899999,1024,128x128,14,1.249405813087535,1.7054115854749998,256.0,64x64,14,4.1253109519999995,10.4826,4096.0,192x192,7,2.972908090547913,5.538366334949999,2048.0,128x128,10,4.9976252555201786,6.821646341899999,1024.0,128x128,14,1.304342696,2.51875,2048.0,96x96,7,2.5d,"{'from': 'Chiplet_1', 'to': 'Chiplet_2', 'connection_type': '2.5d_emib', 'loc': '2.5d_chiplet'},{'from': 'Chiplet_1', 'to': 'Chiplet_3', 'connection_type': '2.5d_emib', 'loc': '2.5d_chiplet'},{'from': 'Chiplet_1', 'to': 'Chiplet_5', 'connection_type': '2.5d_emib', 'loc': '2.5d_chiplet'},{'from': 'Chiplet_3', 'to': 'Chiplet_1', 'connection_type': '2.5d_emib', 'loc': '2.5d_chiplet'},{'from': 'Chiplet_3', 'to': 'Chiplet_2', 'connection_type': '2.5d_emib', 'loc': '2.5d_chiplet'},{'from': 'Chiplet_2', 'to': 'Chiplet_1', 'connection_type': '2.5d_emib', 'loc': '2.5d_chiplet'},{'from': 'Chiplet_2', 'to': 'Chiplet_3', 'connection_type': '2.5d_emib', 'loc': '2.5d_chiplet'},{'from': 'Chiplet_5', 'to': 'Chiplet_1', 'connection_type': '2.5d_emib', 'loc': '2.5d_chiplet'},{'from': 'Chiplet_5', 'to': 'Chiplet_4', 'connection_type': '2.5d_emib', 'loc': '2.5d_chiplet'},{'from': 'Chiplet_5', 'to': 'Chiplet_6', 'connection_type': '2.5d_emib', 'loc': '2.5d_chiplet'},{'from': 'Chiplet_4', 'to': 'Chiplet_5', 'connection_type': '2.5d_emib', 'loc': '2.5d_chiplet'},{'from': 'Chiplet_4', 'to': 'Chiplet_6', 'connection_type': '2.5d_emib', 'loc': '2.5d_chiplet'},{'from': 'Chiplet_6', 'to': 'Chiplet_4', 'connection_type': '2.5d_emib', 'loc': '2.5d_chiplet'},{'from': 'Chiplet_6', 'to': 'Chiplet_5', 'connection_type': '2.5d_emib', 'loc': '2.5d_chiplet'}",2,1.0,1.0,1.0,2.0,1.0,ddr4,aib,na,0,0,is,1,0,0
10,21.939751648975975,3978619.52,82047.62451489516,1954251686.8722973,815709.268128137,574479.8971149797,10,2.6264880905479133,5.538366334949999,1024,128x128,10,1.4141952089375351,1.7054115854749998,512.0,64x64,14,8.112421457366196,12.973514847541198,8192.0,192x192,10,3.2571509657793953,3.8395579270749995,1536.0,96x96,14,4.818150952,10.4826,6144.0,192x192,7,0.743226759447044,1.3845915837374998,512.0,64x64,10,2.5d_3d,"{'from': 'Chiplet_1', 'to': 'Chiplet_2', 'connection_type': '3d_u_bump', 'loc': 'stack0_base'},{'from': 'Chiplet_2', 'to': 'Chiplet_6', 'connection_type': '3d_u_bump', 'loc': 'stack0_middle1'},{'from': 'Chiplet_6', 'to': 'na', 'connection_type': '3d_u_bump', 'loc': 'stack0_top'},{'from': 'Chiplet_3', 'to': 'Chiplet_4', 'connection_type': '2.5d_rdl', 'loc': '2.5d_chiplet'},{'from': 'Chiplet_3', 'to': 'Chiplet_5', 'connection_type': '2.5d_rdl', 'loc': '2.5d_chiplet'},{'from': 'Chiplet_5', 'to': 'Chiplet_4', 'connection_type': '2.5d_rdl', 'loc': '2.5d_chiplet'},{'from': 'Chiplet_5', 'to': 'Chiplet_1', 'connection_type': '2.5d_rdl', 'loc': '2.5d_chiplet'},{'from': 'Chiplet_5', 'to': 'Chiplet_3', 'connection_type': '2.5d_rdl', 'loc': '2.5d_chiplet'},{'from': 'Chiplet_4', 'to': 'Chiplet_1', 'connection_type': '2.5d_rdl', 'loc': '2.5d_chiplet'},{'from': 'Chiplet_4', 'to': 'Chiplet_3', 'connection_type': '2.5d_rdl', 'loc': '2.5d_chiplet'},{'from': 'Chiplet_4', 'to': 'Chiplet_5', 'connection_type': '2.5d_rdl', 'loc': '2.5d_chiplet'},{'from': 'Chiplet_1', 'to': 'Chiplet_4', 'connection_type': '2.5d_rdl', 'loc': '2.5d_chiplet'},{'from': 'Chiplet_1', 'to': 'Chiplet_5', 'connection_type': '2.5d_rdl', 'loc': '2.5d_chiplet'}",2,1.0,6.0,2.0,4.0,1.0,hbm3,ucie_std,ucie_3d,0,0,ws,1,0,0
11,8.26584989836627,753356.32,37097.15574386965,5822835620.234306,799717.2419957314,232438.08904075,11,4.9976252555201786,6.821646341899999,1024,128x128,14,1.743774000637535,1.7054115854749998,1024.0,64x64,14,,,,,,,,,,,,,,,,,,,,,2.5d,"{'from': 'Chiplet_1', 'to': 'Chiplet_2', 'connection_type': '2.5d_emib', 'loc': '2.5d_chiplet'},{'from': 'Chiplet_2', 'to': 'Chiplet_1', 'connection_type': '2.5d_emib', 'loc': '2.5d_chiplet'}",6,2.0,,,,,ddr4,bow,na,1,0,ws,1,0,0
12,14.11780783997679,2978972.27,51708.42198462004,2301078070.847876,110136.94749694751,100933.22284549533,12,6.033899457366197,12.973514847541198,2048,192x192,10,14.117807839976791,15.979573171754398,6144.0,192x192,14,,,,,,,,,,,,,,,,,,,,,3d,"{'from': 'Chiplet_2', 'to': 'Chiplet_1', 'connection_type': '3d_tsv', 'loc': 'stack0_base'},{'from': 'Chiplet_1', 'to': 'na', 'connection_type': '3d_tsv', 'loc': 'stack0_top'}",5,11.0,,,,,hbm3,na,ucie_3d,1,0,ws,0,0,0
13,17.352158618661765,2234583.24,92753.47928659483,10295948298.66297,228106.6392479436,277532.34770409367,13,1.3653681800824635,3.1172648505374996,512,96x96,10,0.656621759447044,1.3845915837374998,256.0,64x64,10,6.975099908490179,6.821646341899999,4096.0,128x128,14,0.829831759447044,1.3845915837374998,768.0,64x64,10,3.5867297574793953,3.8395579270749995,2048.0,96x96,14,2.55521354,4.475,4096.0,128x128,7,2.5d_3d,"{'from': 'Chiplet_6', 'to': 'Chiplet_1', 'connection_type': '3d_tsv', 'loc': 'stack0_base'},{'from': 'Chiplet_1', 'to': 'Chiplet_4', 'connection_type': '3d_tsv', 'loc': 'stack0_middle1'},{'from': 'Chiplet_4', 'to': 'Chiplet_2', 'connection_type': '3d_tsv', 'loc': 'stack0_middle2'},{'from': 'Chiplet_2', 'to': 'na', 'connection_type': '3d_tsv', 'loc': 'stack0_top'},{'from': 'Chiplet_3', 'to': 'Chiplet_6', 'connection_type': '2.5d_emib', 'loc': '2.5d_chiplet'},{'from': 'Chiplet_3', 'to': 'Chiplet_5', 'connection_type': '2.5d_emib', 'loc': '2.5d_chiplet'},{'from': 'Chiplet_5', 'to': 'Chiplet_3', 'connection_type': '2.5d_emib', 'loc': '2.5d_chiplet'},{'from': 'Chiplet_5', 'to': 'Chiplet_6', 'connection_type': '2.5d_emib', 'loc': '2.5d_chiplet'},{'from': 'Chiplet_6', 'to': 'Chiplet_3', 'connection_type': '2.5d_emib', 'loc': '2.5d_chiplet'},{'from': 'Chiplet_6', 'to': 'Chiplet_5', 'connection_type': '2.5d_emib', 'loc': '2.5d_chiplet'}",1,1.0,3.0,1.0,1.0,1.0,ddr4,ucie_adv,ucie_3d,0,0,is,0,0,0
14,8.549639410860818,1297213.07,31596.89255137027,7039801170.060774,92626.49019607843,152741.4099050792,14,0.957922696,2.51875,1024,96x96,7,3.3193280905479132,5.538366334949999,3072.0,128x128,10,0.552198,1.11875,768.0,64x64,7,1.86237254,4.475,2048.0,128x128,7,,,,,,,,,,,2.5d_3d,"{'from': 'Chiplet_4', 'to': 'Chiplet_3', 'connection_type': '3d_u_bump', 'loc': 'stack0_base'},{'from': 'Chiplet_3', 'to': 'na', 'connection_type': '3d_u_bump', 'loc': 'stack0_top'},{'from': 'Chiplet_2', 'to': 'Chiplet_4', 'connection_type': '2.5d_rdl', 'loc': '2.5d_chiplet'},{'from': 'Chiplet_2', 'to': 'Chiplet_1', 'connection_type': '2.5d_rdl', 'loc': '2.5d_chiplet'},{'from': 'Chiplet_4', 'to': 'Chiplet_1', 'connection_type': '2.5d_rdl', 'loc': '2.5d_chiplet'},{'from': 'Chiplet_4', 'to': 'Chiplet_2', 'connection_type': '2.5d_rdl', 'loc': '2.5d_chiplet'},{'from': 'Chiplet_1', 'to': 'Chiplet_4', 'connection_type': '2.5d_rdl', 'loc': '2.5d_chiplet'},{'from': 'Chiplet_1', 'to': 'Chiplet_2', 'connection_type': '2.5d_rdl', 'loc': '2.5d_chiplet'}",1,4.0,1.0,2.0,,,ddr5,ucie_std,ucie_3d,0,0,os,0,0,0
15,13.572233998440936,1834823.93,34487.63598937186,2072357994.108159,151522.70800211976,79228.57364055197,15,1.8849981800824636,3.1172648505374996,2048,96x96,10,1.743774000637535,1.7054115854749998,1024.0,64x64,14,6.315940422320179,6.821646341899999,3072.0,128x128,14,1.5385781800824634,3.1172648505374996,1024.0,96x96,10,,,,,,,,,,,2.5d_3d,"{'from': 'Chiplet_2', 'to': 'Chiplet_4', 'connection_type': '3d_hyb_bond', 'loc': 'stack0_base'},{'from': 'Chiplet_4', 'to': 'na', 'connection_type': '3d_hyb_bond', 'loc': 'stack0_top'},{'from': 'Chiplet_3', 'to': 'Chiplet_1', 'connection_type': '2.5d_rdl', 'loc': '2.5d_chiplet'},{'from': 'Chiplet_3', 'to': 'Chiplet_2', 'connection_type': '2.5d_rdl', 'loc': '2.5d_chiplet'},{'from': 'Chiplet_1', 'to': 'Chiplet_3', 'connection_type': '2.5d_rdl', 'loc': '2.5d_chiplet'},{'from': 'Chiplet_1', 'to': 'Chiplet_2', 'connection_type': '2.5d_rdl', 'loc': '2.5d_chiplet'},{'from': 'Chiplet_2', 'to': 'Chiplet_1', 'connection_type': '2.5d_rdl', 'loc': '2.5d_chiplet'},{'from': 'Chiplet_2', 'to': 'Chiplet_3', 'connection_type': '2.5d_rdl', 'loc': '2.5d_chiplet'}",3,2.0,9.0,2.0,,,hbm3,ucie_std,ucie_3d,1,0,os,0,0,0
16,4.237434498575324,728809.14,17835.271293641672,2784054638.1027317,278252.3333333333,81179.14223785144,16,0.829831759447044,1.3845915837374998,768,64x64,10,2.55521354,4.475,4096.0,128x128,7,,,,,,,,,,,,,,,,,,,,,2.5d,"{'from': 'Chiplet_2', 'to': 'Chiplet_1', 'connection_type': '2.5d_rdl', 'loc': '2.5d_chiplet'},{'from': 'Chiplet_1', 'to': 'Chiplet_2', 'connection_type': '2.5d_rdl', 'loc': '2.5d_chiplet'}",4,12.0,,,,,hbm2,ucie_std,na,0,0,is,0,0,0
17,14.299880360248558,1924078.77,100599.17350614494,1703614805.0238476,95591.66666666666,70777.03825600832,17,1.131132696,2.51875,1536,96x96,7,2.597993382379395,3.8395579270749995,512.0,96x96,14,1.3653681800824635,3.1172648505374996,512.0,96x96,10,6.033899457366197,12.973514847541198,2048.0,192x192,10,,,,,,,,,,,2.5d,"{'from': 'Chiplet_4', 'to': 'Chiplet_2', 'connection_type': '2.5d_emib', 'loc': '2.5d_chiplet'},{'from': 'Chiplet_4', 'to': 'Chiplet_3', 'connection_type': '2.5d_emib', 'loc': '2.5d_chiplet'},{'from': 'Chiplet_2', 'to': 'Chiplet_4', 'connection_type': '2.5d_emib', 'loc': '2.5d_chiplet'},{'from': 'Chiplet_2', 'to': 'Chiplet_1', 'connection_type': '2.5d_emib', 'loc': '2.5d_chiplet'},{'from': 'Chiplet_2', 'to': 'Chiplet_3', 'connection_type': '2.5d_emib', 'loc': '2.5d_chiplet'},{'from': 'Chiplet_3', 'to': 'Chiplet_4', 'connection_type': '2.5d_emib', 'loc': '2.5d_chiplet'},{'from': 'Chiplet_3', 'to': 'Chiplet_1', 'connection_type': '2.5d_emib', 'loc': '2.5d_chiplet'},{'from': 'Chiplet_3', 'to': 'Chiplet_2', 'connection_type': '2.5d_emib', 'loc': '2.5d_chiplet'},{'from': 'Chiplet_1', 'to': 'Chiplet_3', 'connection_type': '2.5d_emib', 'loc': '2.5d_chiplet'},{'from': 'Chiplet_1', 'to': 'Chiplet_2', 'connection_type': '2.5d_emib', 'loc': '2.5d_chiplet'}",2,4.0,2.0,8.0,,,hbm2,aib,na,1,0,ws,0,0,0
18,32.202826802671126,3126329.01,92673.59428137986,3630387638.5126133,417823.5004845495,259046.79330056332,18,12.799492673176792,15.979573171754398,4096,192x192,14,6.975099908490179,6.821646341899999,4096.0,128x128,14,0.378988,1.11875,256.0,64x64,7,0.638803,1.11875,1024.0,64x64,7,,,,,,,,,,,2.5d_3d,"{'from': 'Chiplet_4', 'to': 'Chiplet_3', 'connection_type': '3d_hyb_bond', 'loc': 'stack0_base'},{'from': 'Chiplet_3', 'to': 'na', 'connection_type': '3d_hyb_bond', 'loc': 'stack0_top'},{'from': 'Chiplet_1', 'to': 'Chiplet_4', 'connection_type': '2.5d_emib', 'loc': '2.5d_chiplet'},{'from': 'Chiplet_1', 'to': 'Chiplet_2', 'connection_type': '2.5d_emib', 'loc': '2.5d_chiplet'},{'from': 'Chiplet_2', 'to': 'Chiplet_1', 'connection_type': '2.5d_emib', 'loc': '2.5d_chiplet'},{'from': 'Chiplet_2', 'to': 'Chiplet_4', 'connection_type': '2.5d_emib', 'loc': '2.5d_chiplet'},{'from': 'Chiplet_4', 'to': 'Chiplet_1', 'connection_type': '2.5d_emib', 'loc': '2.5d_chiplet'},{'from': 'Chiplet_4', 'to': 'Chiplet_2', 'connection_type': '2.5d_emib', 'loc': '2.5d_chiplet'}",4,2.0,1.0,1.0,,,ddr5,bow,ucie_3d,1,0,os,1,0,0
19,48.03822159369645,4437369.35,194479.66338728752,6930292762.99734,68405.0,180745.94481274468,19,1.578984604787535,1.7054115854749998,768,64x64,14,11.481175603606792,15.979573171754398,2048.0,192x192,14,2.20879254,4.475,3072.0,128x128,7,15.436124909546791,15.979573171754398,8192.0,192x192,14,1.249405813087535,1.7054115854749998,256.0,64x64,14,1.304342696,2.51875,2048.0,96x96,7,2.5d,"{'from': 'Chiplet_4', 'to': 'Chiplet_2', 'connection_type': '2.5d_emib', 'loc': '2.5d_chiplet'},{'from': 'Chiplet_4', 'to': 'Chiplet_5', 'connection_type': '2.5d_emib', 'loc': '2.5d_chiplet'},{'from': 'Chiplet_4', 'to': 'Chiplet_3', 'connection_type': '2.5d_emib', 'loc': '2.5d_chiplet'},{'from': 'Chiplet_5', 'to': 'Chiplet_4', 'connection_type': '2.5d_emib', 'loc': '2.5d_chiplet'},{'from': 'Chiplet_5', 'to': 'Chiplet_3', 'connection_type': '2.5d_emib', 'loc': '2.5d_chiplet'},{'from': 'Chiplet_2', 'to': 'Chiplet_4', 'connection_type': '2.5d_emib', 'loc': '2.5d_chiplet'},{'from': 'Chiplet_2', 'to': 'Chiplet_1', 'connection_type': '2.5d_emib', 'loc': '2.5d_chiplet'},{'from': 'Chiplet_2', 'to': 'Chiplet_3', 'connection_type': '2.5d_emib', 'loc': '2.5d_chiplet'},{'from': 'Chiplet_3', 'to': 'Chiplet_1', 'connection_type': '2.5d_emib', 'loc': '2.5d_chiplet'},{'from': 'Chiplet_3', 'to': 'Chiplet_6', 'connection_type': '2.5d_emib', 'loc': '2.5d_chiplet'},{'from': 'Chiplet_3', 'to': 'Chiplet_5', 'connection_type': '2.5d_emib', 'loc': '2.5d_chiplet'},{'from': 'Chiplet_3', 'to': 'Chiplet_4', 'connection_type': '2.5d_emib', 'loc': '2.5d_chiplet'},{'from': 'Chiplet_3', 'to': 'Chiplet_2', 'connection_type': '2.5d_emib', 'loc': '2.5d_chiplet'},{'from': 'Chiplet_1', 'to': 'Chiplet_3', 'connection_type': '2.5d_emib', 'loc': '2.5d_chiplet'},{'from': 'Chiplet_1', 'to': 'Chiplet_6', 'connection_type': '2.5d_emib', 'loc': '2.5d_chiplet'},{'from': 'Chiplet_1', 'to': 'Chiplet_2', 'connection_type': '2.5d_emib', 'loc': '2.5d_chiplet'},{'from': 'Chiplet_6', 'to': 'Chiplet_1', 'connection_type': '2.5d_emib', 'loc': '2.5d_chiplet'},{'from': 'Chiplet_6', 'to': 'Chiplet_3', 'connection_type': '2.5d_emib', 'loc': '2.5d_chiplet'}",1,2.0,1.0,2.0,1.0,1.0,ddr4,bow,na,1,0,os,0,0,0
20,42.6592183574702,4657442.91,183986.28816654524,2041904809.1532173,70202.17948717948,90245.234900217,20,0.743226759447044,1.3845915837374998,512,64x64,10,3.665749090547913,5.538366334949999,4096.0,128x128,10,7.419580457366196,12.973514847541198,6144.0,192x192,10,2.927572174079395,3.8395579270749995,1024.0,96x96,14,0.378988,1.11875,256.0,64x64,7,12.799492673176792,15.979573171754398,4096.0,192x192,14,2.5d,"{'from': 'Chiplet_6', 'to': 'Chiplet_1', 'connection_type': '2.5d_emib', 'loc': '2.5d_chiplet'},{'from': 'Chiplet_6', 'to': 'Chiplet_5', 'connection_type': '2.5d_emib', 'loc': '2.5d_chiplet'},{'from': 'Chiplet_6', 'to': 'Chiplet_3', 'connection_type': '2.5d_emib', 'loc': '2.5d_chiplet'},{'from': 'Chiplet_6', 'to': 'Chiplet_2', 'connection_type': '2.5d_emib', 'loc': '2.5d_chiplet'},{'from': 'Chiplet_1', 'to': 'Chiplet_6', 'connection_type': '2.5d_emib', 'loc': '2.5d_chiplet'},{'from': 'Chiplet_1', 'to': 'Chiplet_5', 'connection_type': '2.5d_emib', 'loc': '2.5d_chiplet'},{'from': 'Chiplet_5', 'to': 'Chiplet_1', 'connection_type': '2.5d_emib', 'loc': '2.5d_chiplet'},{'from': 'Chiplet_5', 'to': 'Chiplet_6', 'connection_type': '2.5d_emib', 'loc': '2.5d_chiplet'},{'from': 'Chiplet_3', 'to': 'Chiplet_4', 'connection_type': '2.5d_emib', 'loc': '2.5d_chiplet'},{'from': 'Chiplet_3', 'to': 'Chiplet_2', 'connection_type': '2.5d_emib', 'loc': '2.5d_chiplet'},{'from': 'Chiplet_3', 'to': 'Chiplet_6', 'connection_type': '2.5d_emib', 'loc': '2.5d_chiplet'},{'from': 'Chiplet_2', 'to': 'Chiplet_4', 'connection_type': '2.5d_emib', 'loc': '2.5d_chiplet'},{'from': 'Chiplet_2', 'to': 'Chiplet_3', 'connection_type': '2.5d_emib', 'loc': '2.5d_chiplet'},{'from': 'Chiplet_2', 'to': 'Chiplet_6', 'connection_type': '2.5d_emib', 'loc': '2.5d_chiplet'},{'from': 'Chiplet_4', 'to': 'Chiplet_2', 'connection_type': '2.5d_emib', 'loc': '2.5d_chiplet'},{'from': 'Chiplet_4', 'to': 'Chiplet_3', 'connection_type': '2.5d_emib', 'loc': '2.5d_chiplet'}",1,2.0,4.0,1.0,1.0,7.0,hbm3,bow,na,1,0,ws,0,0,0
21,11.849900951315135,1203533.69,92579.20981098361,9960719669.352083,281903.28976034856,254731.0934357448,21,0.46559300000000003,1.11875,512,64x64,7,0.743226759447044,1.3845915837374998,512.0,64x64,10,1.51595254,4.475,1024.0,128x128,7,5.656782838920179,6.821646341899999,2048.0,128x128,14,,,,,,,,,,,2.5d,"{'from': 'Chiplet_4', 'to': 'Chiplet_3', 'connection_type': '2.5d_emib', 'loc': '2.5d_chiplet'},{'from': 'Chiplet_4', 'to': 'Chiplet_2', 'connection_type': '2.5d_emib', 'loc': '2.5d_chiplet'},{'from': 'Chiplet_3', 'to': 'Chiplet_4', 'connection_type': '2.5d_emib', 'loc': '2.5d_chiplet'},{'from': 'Chiplet_3', 'to': 'Chiplet_1', 'connection_type': '2.5d_emib', 'loc': '2.5d_chiplet'},{'from': 'Chiplet_3', 'to': 'Chiplet_2', 'connection_type': '2.5d_emib', 'loc': '2.5d_chiplet'},{'from': 'Chiplet_2', 'to': 'Chiplet_4', 'connection_type': '2.5d_emib', 'loc': '2.5d_chiplet'},{'from': 'Chiplet_2', 'to': 'Chiplet_1', 'connection_type': '2.5d_emib', 'loc': '2.5d_chiplet'},{'from': 'Chiplet_2', 'to': 'Chiplet_3', 'connection_type': '2.5d_emib', 'loc': '2.5d_chiplet'},{'from': 'Chiplet_1', 'to': 'Chiplet_2', 'connection_type': '2.5d_emib', 'loc': '2.5d_chiplet'},{'from': 'Chiplet_1', 'to': 'Chiplet_3', 'connection_type': '2.5d_emib', 'loc': '2.5d_chiplet'}",1,1.0,1.0,5.0,,,ddr4,ucie_adv,na,0,0,is,0,0,0
22,4.9976252555201786,1029729.6,22988.410489583646,1257705723.8606021,358758.7666411303,84719.16955742537,22,4.9976252555201786,6.821646341899999,1024,128x128,14,0.784712696,2.51875,512.0,96x96,7,,,,,,,,,,,,,,,,,,,,,3d,"{'from': 'Chiplet_1', 'to': 'Chiplet_2', 'connection_type': '3d_hyb_bond', 'loc': 'stack0_base'},{'from': 'Chiplet_2', 'to': 'na', 'connection_type': '3d_hyb_bond', 'loc': 'stack0_top'}",14,2.0,,,,,hbm3,na,ucie_3d,1,0,ws,1,0,0
23,16.564499928822425,1511541.38,37693.105885312296,3743464616.69488,366549.96183493454,185835.1725510058,23,12.799492673176792,15.979573171754398,4096,192x192,14,0.829831759447044,1.3845915837374998,768.0,64x64,10,,,,,,,,,,,,,,,,,,,,,2.5d,"{'from': 'Chiplet_1', 'to': 'Chiplet_2', 'connection_type': '2.5d_rdl', 'loc': '2.5d_chiplet'},{'from': 'Chiplet_2', 'to': 'Chiplet_1', 'connection_type': '2.5d_rdl', 'loc': '2.5d_chiplet'}",7,1.0,,,,,ddr5,ucie_std,na,0,0,ws,1,0,0
24,13.128797940724796,1610686.02,47234.00945053835,3018935458.377015,976021.2921428854,428215.86991676677,24,3.432469952,10.4826,2048,192x192,7,0.46559300000000003,1.11875,512.0,64x64,7,0.784712696,2.51875,512.0,96x96,7,3.665749090547913,5.538366334949999,4096.0,128x128,10,0.46559300000000003,1.11875,512.0,64x64,7,,,,,,2.5d,"{'from': 'Chiplet_4', 'to': 'Chiplet_1', 'connection_type': '2.5d_rdl', 'loc': '2.5d_chiplet'},{'from': 'Chiplet_4', 'to': 'Chiplet_2', 'connection_type': '2.5d_rdl', 'loc': '2.5d_chiplet'},{'from': 'Chiplet_4', 'to': 'Chiplet_5', 'connection_type': '2.5d_rdl', 'loc': '2.5d_chiplet'},{'from': 'Chiplet_2', 'to': 'Chiplet_4', 'connection_type': '2.5d_rdl', 'loc': '2.5d_chiplet'},{'from': 'Chiplet_2', 'to': 'Chiplet_5', 'connection_type': '2.5d_rdl', 'loc': '2.5d_chiplet'},{'from': 'Chiplet_5', 'to': 'Chiplet_4', 'connection_type': '2.5d_rdl', 'loc': '2.5d_chiplet'},{'from': 'Chiplet_5', 'to': 'Chiplet_2', 'connection_type': '2.5d_rdl', 'loc': '2.5d_chiplet'},{'from': 'Chiplet_5', 'to': 'Chiplet_3', 'connection_type': '2.5d_rdl', 'loc': '2.5d_chiplet'},{'from': 'Chiplet_1', 'to': 'Chiplet_4', 'connection_type': '2.5d_rdl', 'loc': '2.5d_chiplet'},{'from': 'Chiplet_1', 'to': 'Chiplet_3', 'connection_type': '2.5d_rdl', 'loc': '2.5d_chiplet'},{'from': 'Chiplet_3', 'to': 'Chiplet_1', 'connection_type': '2.5d_rdl', 'loc': '2.5d_chiplet'},{'from': 'Chiplet_3', 'to': 'Chiplet_5', 'connection_type': '2.5d_rdl', 'loc': '2.5d_chiplet'}",2,1.0,1.0,3.0,1.0,,ddr5,ucie_std,na,1,0,ws,1,0,0
25,0.656621759447044,220048.1,6392.311843321268,1938043155.399017,2184027.541932114,146799.48193707754,25,0.656621759447044,1.3845915837374998,256,64x64,10,0.656621759447044,1.3845915837374998,256.0,64x64,10,,,,,,,,,,,,,,,,,,,,,3d,"{'from': 'Chiplet_1', 'to': 'Chiplet_2', 'connection_type': '3d_tsv', 'loc': 'stack0_base'},{'from': 'Chiplet_2', 'to': 'na', 'connection_type': '3d_tsv', 'loc': 'stack0_top'}",8,8.0,,,,,hbm2,na,ucie_3d,0,0,os,1,0,0
26,11.628788450381498,1691864.91,53549.02530922473,10245763371.840763,237392.2440087146,261927.18378800887,26,1.86237254,4.475,2048,128x128,7,6.975099908490179,6.821646341899999,4096.0,128x128,14,2.6264880905479133,5.538366334949999,1024.0,128x128,10,,,,,,,,,,,,,,,,2.5d_3d,"{'from': 'Chiplet_2', 'to': 'Chiplet_1', 'connection_type': '3d_hyb_bond', 'loc': 'stack0_base'},{'from': 'Chiplet_1', 'to': 'na', 'connection_type': '3d_hyb_bond', 'loc': 'stack0_top'},{'from': 'Chiplet_2', 'to': 'Chiplet_3', 'connection_type': '2.5d_emib', 'loc': '2.5d_chiplet'},{'from': 'Chiplet_3', 'to': 'Chiplet_2', 'connection_type': '2.5d_emib', 'loc': '2.5d_chiplet'}",1,5.0,2.0,,,,ddr4,ucie_adv,ucie_3d,0,0,is,0,0,0
27,13.459637698525109,1660743.63,36440.39436670808,1560516752.9157166,704889.0366199496,260565.93889044572,27,2.972908090547913,5.538366334949999,2048,128x128,10,3.3193280905479132,5.538366334949999,3072.0,128x128,10,4.9976252555201786,6.821646341899999,1024.0,128x128,14,,,,,,,,,,,,,,,,2.5d,"{'from': 'Chiplet_3', 'to': 'Chiplet_1', 'connection_type': '2.5d_rdl', 'loc': '2.5d_chiplet'},{'from': 'Chiplet_3', 'to': 'Chiplet_2', 'connection_type': '2.5d_rdl', 'loc': '2.5d_chiplet'},{'from': 'Chiplet_2', 'to': 'Chiplet_1', 'connection_type': '2.5d_rdl', 'loc': '2.5d_chiplet'},{'from': 'Chiplet_2', 'to': 'Chiplet_3', 'connection_type': '2.5d_rdl', 'loc': '2.5d_chiplet'},{'from': 'Chiplet_1', 'to': 'Chiplet_3', 'connection_type': '2.5d_rdl', 'loc': '2.5d_chiplet'},{'from': 'Chiplet_1', 'to': 'Chiplet_2', 'connection_type': '2.5d_rdl', 'loc': '2.5d_chiplet'}",4,5.0,7.0,,,,hbm3,ucie_std,na,0,0,ws,1,0,0
28,1.6179984620890164,417414.3,33225.99097402483,6828149437.255387,1961762.7749828354,297085.337416863,28,0.638803,1.11875,1024,64x64,7,0.784712696,2.51875,512.0,96x96,7,0.552198,1.11875,768.0,64x64,7,,,,,,,,,,,,,,,,2.5d_3d,"{'from': 'Chiplet_1', 'to': 'Chiplet_3', 'connection_type': '3d_u_bump', 'loc': 'stack0_base'},{'from': 'Chiplet_3', 'to': 'na', 'connection_type': '3d_u_bump', 'loc': 'stack0_top'},{'from': 'Chiplet_2', 'to': 'Chiplet_1', 'connection_type': '2.5d_emib', 'loc': '2.5d_chiplet'},{'from': 'Chiplet_1', 'to': 'Chiplet_2', 'connection_type': '2.5d_emib', 'loc': '2.5d_chiplet'}",3,3.0,2.0,,,,ddr4,bow,ucie_3d,1,0,os,1,0,0
29,6.600349974201927,738161.96,16989.906177113466,2189454961.2846537,475666.7644661777,107405.09113268767,29,2.927572174079395,3.8395579270749995,1024,96x96,14,3.2571509657793953,3.8395579270749995,1536.0,96x96,14,,,,,,,,,,,,,,,,,,,,,2.5d,"{'from': 'Chiplet_2', 'to': 'Chiplet_1', 'connection_type': '2.5d_rdl', 'loc': '2.5d_chiplet'},{'from': 'Chiplet_1', 'to': 'Chiplet_2', 'connection_type': '2.5d_rdl', 'loc': '2.5d_chiplet'}",8,8.0,,,,,hbm3,ucie_std,na,0,0,ws,0,0,0
30,14.11780783997679,2155135.38,49431.697157628485,5560110596.207756,126168.6348818256,141929.28677964833,30,14.117807839976791,15.979573171754398,6144,192x192,14,0.552198,1.11875,768.0,64x64,7,,,,,,,,,,,,,,,,,,,,,3d,"{'from': 'Chiplet_1', 'to': 'Chiplet_2', 'connection_type': '3d_hyb_bond', 'loc': 'stack0_base'},{'from': 'Chiplet_2', 'to': 'na', 'connection_type': '3d_hyb_bond', 'loc': 'stack0_top'}",7,1.0,,,,,ddr5,na,ucie_3d,1,0,os,0,0,0
31,2.895985758353391,631965.89,33377.36684466392,1700024592.7274842,441712.43639727746,93122.75506858091,31,1.3653681800824635,3.1172648505374996,512,96x96,10,1.3653681800824635,3.1172648505374996,512.0,96x96,10,0.829831759447044,1.3845915837374998,768.0,64x64,10,,,,,,,,,,,,,,,,2.5d_3d,"{'from': 'Chiplet_1', 'to': 'Chiplet_3', 'connection_type': '3d_hyb_bond', 'loc': 'stack0_base'},{'from': 'Chiplet_3', 'to': 'na', 'connection_type': '3d_hyb_bond', 'loc': 'stack0_top'},{'from': 'Chiplet_1', 'to': 'Chiplet_2', 'connection_type': '2.5d_emib', 'loc': '2.5d_chiplet'},{'from': 'Chiplet_2', 'to': 'Chiplet_1', 'connection_type': '2.5d_emib', 'loc': '2.5d_chiplet'}",6,6.0,4.0,,,,hbm3,aib,ucie_3d,0,0,is,0,0,0
32,20.28360218347651,3621204.28,101786.8314672476,3254883505.645116,650609.4272630366,607348.7837598333,32,6.033899457366197,12.973514847541198,2048,192x192,10,3.665749090547913,5.538366334949999,4096.0,128x128,10,11.481175603606792,15.979573171754398,2048.0,192x192,14,2.55521354,4.475,4096.0,128x128,7,4.9976252555201786,6.821646341899999,1024.0,128x128,14,,,,,,2.5d_3d,"{'from': 'Chiplet_3', 'to': 'Chiplet_5', 'connection_type': '3d_u_bump', 'loc': 'stack0_base'},{'from': 'Chiplet_5', 'to': 'Chiplet_2', 'connection_type': '3d_u_bump', 'loc': 'stack0_middle1'},{'from': 'Chiplet_2', 'to': 'Chiplet_4', 'connection_type': '3d_u_bump', 'loc': 'stack0_middle2'},{'from': 'Chiplet_4', 'to': 'na', 'connection_type': '3d_u_bump', 'loc': 'stack0_top'},{'from': 'Chiplet_3', 'to': 'Chiplet_1', 'connection_type': '2.5d_rdl', 'loc': '2.5d_chiplet'},{'from': 'Chiplet_1', 'to': 'Chiplet_3', 'connection_type': '2.5d_rdl', 'loc': '2.5d_chiplet'}",2,1.0,3.0,1.0,1.0,,ddr5,ucie_std,ucie_3d,1,0,is,1,0,0
33,17.947433959940962,2074911.5,50303.61908796415,1869544843.0034552,88211.40884160444,68054.92776189603,33,6.975099908490179,6.821646341899999,4096,128x128,14,0.957922696,2.51875,1024.0,96x96,7,1.5385781800824634,3.1172648505374996,1024.0,96x96,10,0.656621759447044,1.3845915837374998,256.0,64x64,10,0.656621759447044,1.3845915837374998,256.0,64x64,10,2.6264880905479133,5.538366334949999,1024.0,128x128,10,2.5d,"{'from': 'Chiplet_1', 'to': 'Chiplet_3', 'connection_type': '2.5d_rdl', 'loc': '2.5d_chiplet'},{'from': 'Chiplet_1', 'to': 'Chiplet_6', 'connection_type': '2.5d_rdl', 'loc': '2.5d_chiplet'},{'from': 'Chiplet_6', 'to': 'Chiplet_1', 'connection_type': '2.5d_rdl', 'loc': '2.5d_chiplet'},{'from': 'Chiplet_6', 'to': 'Chiplet_2', 'connection_type': '2.5d_rdl', 'loc': '2.5d_chiplet'},{'from': 'Chiplet_6', 'to': 'Chiplet_3', 'connection_type': '2.5d_rdl', 'loc': '2.5d_chiplet'},{'from': 'Chiplet_6', 'to': 'Chiplet_5', 'connection_type': '2.5d_rdl', 'loc': '2.5d_chiplet'},{'from': 'Chiplet_5', 'to': 'Chiplet_2', 'connection_type': '2.5d_rdl', 'loc': '2.5d_chiplet'},{'from': 'Chiplet_5', 'to': 'Chiplet_6', 'connection_type': '2.5d_rdl', 'loc': '2.5d_chiplet'},{'from': 'Chiplet_3', 'to': 'Chiplet_1', 'connection_type': '2.5d_rdl', 'loc': '2.5d_chiplet'},{'from': 'Chiplet_3', 'to': 'Chiplet_2', 'connection_type': '2.5d_rdl', 'loc': '2.5d_chiplet'},{'from': 'Chiplet_3', 'to': 'Chiplet_4', 'connection_type': '2.5d_rdl', 'loc': '2.5d_chiplet'},{'from': 'Chiplet_3', 'to': 'Chiplet_6', 'connection_type': '2.5d_rdl', 'loc': '2.5d_chiplet'},{'from': 'Chiplet_2', 'to': 'Chiplet_4', 'connection_type': '2.5d_rdl', 'loc': '2.5d_chiplet'},{'from': 'Chiplet_2', 'to': 'Chiplet_5', 'connection_type': '2.5d_rdl', 'loc': '2.5d_chiplet'},{'from': 'Chiplet_2', 'to': 'Chiplet_3', 'connection_type': '2.5d_rdl', 'loc': '2.5d_chiplet'},{'from': 'Chiplet_2', 'to': 'Chiplet_6', 'connection_type': '2.5d_rdl', 'loc': '2.5d_chiplet'},{'from': 'Chiplet_4', 'to': 'Chiplet_3', 'connection_type': '2.5d_rdl', 'loc': '2.5d_chiplet'},{'from': 'Chiplet_4', 'to': 'Chiplet_2', 'connection_type': '2.5d_rdl', 'loc': '2.5d_chiplet'}",8,1.0,2.0,1.0,1.0,3.0,hbm3,ucie_std,na,0,0,os,0,0,0
34,35.85953819071469,3601929.42,95537.12042969135,3413150826.052184,577266.484462025,501952.5560971538,34,4.9976252555201786,6.821646341899999,1024,128x128,14,1.131132696,2.51875,1536.0,96x96,7,1.86237254,4.475,2048.0,128x128,7,14.117807839976791,15.979573171754398,6144.0,192x192,14,3.432469952,10.4826,2048.0,192x192,7,0.378988,1.11875,256.0,64x64,7,2.5d,"{'from': 'Chiplet_4', 'to': 'Chiplet_1', 'connection_type': '2.5d_rdl', 'loc': '2.5d_chiplet'},{'from': 'Chiplet_4', 'to': 'Chiplet_5', 'connection_type': '2.5d_rdl', 'loc': '2.5d_chiplet'},{'from': 'Chiplet_1', 'to': 'Chiplet_4', 'connection_type': '2.5d_rdl', 'loc': '2.5d_chiplet'},{'from': 'Chiplet_1', 'to': 'Chiplet_2', 'connection_type': '2.5d_rdl', 'loc': '2.5d_chiplet'},{'from': 'Chiplet_1', 'to': 'Chiplet_5', 'connection_type': '2.5d_rdl', 'loc': '2.5d_chiplet'},{'from': 'Chiplet_1', 'to': 'Chiplet_3', 'connection_type': '2.5d_rdl', 'loc': '2.5d_chiplet'},{'from': 'Chiplet_2', 'to': 'Chiplet_1', 'connection_type': '2.5d_rdl', 'loc': '2.5d_chiplet'},{'from': 'Chiplet_2', 'to': 'Chiplet_3', 'connection_type': '2.5d_rdl', 'loc': '2.5d_chiplet'},{'from': 'Chiplet_5', 'to': 'Chiplet_4', 'connection_type': '2.5d_rdl', 'loc': '2.5d_chiplet'},{'from': 'Chiplet_5', 'to': 'Chiplet_1', 'connection_type': '2.5d_rdl', 'loc': '2.5d_chiplet'},{'from': 'Chiplet_5', 'to': 'Chiplet_3', 'connection_type': '2.5d_rdl', 'loc': '2.5d_chiplet'},{'from': 'Chiplet_5', 'to': 'Chiplet_6', 'connection_type': '2.5d_rdl', 'loc': '2.5d_chiplet'},{'from': 'Chiplet_3', 'to': 'Chiplet_1', 'connection_type': '2.5d_rdl', 'loc': '2.5d_chiplet'},{'from': 'Chiplet_3', 'to': 'Chiplet_2', 'connection_type': '2.5d_rdl', 'loc': '2.5d_chiplet'},{'from': 'Chiplet_3', 'to': 'Chiplet_6', 'connection_type': '2.5d_rdl', 'loc': '2.5d_chiplet'},{'from': 'Chiplet_3', 'to': 'Chiplet_5', 'connection_type': '2.5d_rdl', 'loc': '2.5d_chiplet'},{'from': 'Chiplet_6', 'to': 'Chiplet_3', 'connection_type': '2.5d_rdl', 'loc': '2.5d_chiplet'},{'from': 'Chiplet_6', 'to': 'Chiplet_5', 'connection_type': '2.5d_rdl', 'loc': '2.5d_chiplet'}",1,1.0,1.0,3.0,1.0,1.0,ddr5,ucie_std,na,0,0,is,1,0,0
35,8.77562287003204,1441281.99,95167.9675437283,1221702461.0410874,523203.5213894354,191756.58104478128,35,1.51595254,4.475,1024,128x128,7,1.5385781800824634,3.1172648505374996,1024.0,96x96,10,2.6264880905479133,5.538366334949999,1024.0,128x128,10,1.51595254,4.475,1024.0,128x128,7,,,,,,,,,,,2.5d,"{'from': 'Chiplet_3', 'to': 'Chiplet_1', 'connection_type': '2.5d_emib', 'loc': '2.5d_chiplet'},{'from': 'Chiplet_3', 'to': 'Chiplet_2', 'connection_type': '2.5d_emib', 'loc': '2.5d_chiplet'},{'from': 'Chiplet_3', 'to': 'Chiplet_4', 'connection_type': '2.5d_emib', 'loc': '2.5d_chiplet'},{'from': 'Chiplet_4', 'to': 'Chiplet_1', 'connection_type': '2.5d_emib', 'loc': '2.5d_chiplet'},{'from': 'Chiplet_4', 'to': 'Chiplet_3', 'connection_type': '2.5d_emib', 'loc': '2.5d_chiplet'},{'from': 'Chiplet_2', 'to': 'Chiplet_1', 'connection_type': '2.5d_emib', 'loc': '2.5d_chiplet'},{'from': 'Chiplet_2', 'to': 'Chiplet_3', 'connection_type': '2.5d_emib', 'loc': '2.5d_chiplet'},{'from': 'Chiplet_1', 'to': 'Chiplet_4', 'connection_type': '2.5d_emib', 'loc': '2.5d_chiplet'},{'from': 'Chiplet_1', 'to': 'Chiplet_3', 'connection_type': '2.5d_emib', 'loc': '2.5d_chiplet'},{'from': 'Chiplet_1', 'to': 'Chiplet_2', 'connection_type': '2.5d_emib', 'loc': '2.5d_chiplet'}",3,4.0,6.0,3.0,,,hbm3,bow,na,0,0,is,1,0,0
36,3.665749090547913,907703.43,20119.578331382094,2038716952.7535753,296762.6397012952,73810.72675765607,36,0.378988,1.11875,256,64x64,7,3.665749090547913,5.538366334949999,4096.0,128x128,10,,,,,,,,,,,,,,,,,,,,,3d,"{'from': 'Chiplet_2', 'to': 'Chiplet_1', 'connection_type': '3d_hyb_bond', 'loc': 'stack0_base'},{'from': 'Chiplet_1', 'to': 'na', 'connection_type': '3d_hyb_bond', 'loc': 'stack0_top'}",1,15.0,,,,,hbm2,na,ucie_3d,1,0,os,1,0,0
37,10.856607153323386,1830952.26,51894.53348398948,1345094993.1754067,283406.3192506408,128371.74571522749,37,0.743226759447044,1.3845915837374998,512,64x64,10,6.033899457366197,12.973514847541198,2048.0,192x192,10,3.3193280905479132,5.538366334949999,3072.0,128x128,10,,,,,,,,,,,,,,,,2.5d_3d,"{'from': 'Chiplet_3', 'to': 'Chiplet_1', 'connection_type': '3d_tsv', 'loc': 'stack0_base'},{'from': 'Chiplet_1', 'to': 'na', 'connection_type': '3d_tsv', 'loc': 'stack0_top'},{'from': 'Chiplet_2', 'to': 'Chiplet_3', 'connection_type': '2.5d_emib', 'loc': '2.5d_chiplet'},{'from': 'Chiplet_3', 'to': 'Chiplet_2', 'connection_type': '2.5d_emib', 'loc': '2.5d_chiplet'}",1,10.0,5.0,,,,hbm3,bow,ucie_3d,0,0,os,1,0,0
38,0.46559300000000003,86089.81,2056.2773510863353,18628318603.887455,1941059.7647058824,382594.63002212305,38,0.46559300000000003,1.11875,512,64x64,7,,,,,,,,,,,,,,,,,,,,,,,,,,2d,2d_na,8,,,,,,ddr4,na,na,1,0,is,0,0,0
39,36.363945441815886,4717935.09,148350.2279889954,5060746289.870092,47174.2053789731,134827.8530827422,39,11.481175603606792,15.979573171754398,2048,192x192,14,2.6264880905479133,5.538366334949999,1024.0,128x128,10,4.9976252555201786,6.821646341899999,1024.0,128x128,14,6.975099908490179,6.821646341899999,4096.0,128x128,14,8.112421457366196,12.973514847541198,8192.0,192x192,10,,,,,,2.5d_3d,"{'from': 'Chiplet_3', 'to': 'Chiplet_2', 'connection_type': '3d_hyb_bond', 'loc': 'stack0_base'},{'from': 'Chiplet_2', 'to': 'na', 'connection_type': '3d_hyb_bond', 'loc': 'stack0_top'},{'from': 'Chiplet_1', 'to': 'Chiplet_4', 'connection_type': '2.5d_emib', 'loc': '2.5d_chiplet'},{'from': 'Chiplet_1', 'to': 'Chiplet_3', 'connection_type': '2.5d_emib', 'loc': '2.5d_chiplet'},{'from': 'Chiplet_1', 'to': 'Chiplet_5', 'connection_type': '2.5d_emib', 'loc': '2.5d_chiplet'},{'from': 'Chiplet_3', 'to': 'Chiplet_4', 'connection_type': '2.5d_emib', 'loc': '2.5d_chiplet'},{'from': 'Chiplet_3', 'to': 'Chiplet_1', 'connection_type': '2.5d_emib', 'loc': '2.5d_chiplet'},{'from': 'Chiplet_5', 'to': 'Chiplet_1', 'connection_type': '2.5d_emib', 'loc': '2.5d_chiplet'},{'from': 'Chiplet_5', 'to': 'Chiplet_4', 'connection_type': '2.5d_emib', 'loc': '2.5d_chiplet'},{'from': 'Chiplet_4', 'to': 'Chiplet_1', 'connection_type': '2.5d_emib', 'loc': '2.5d_chiplet'},{'from': 'Chiplet_4', 'to': 'Chiplet_3', 'connection_type': '2.5d_emib', 'loc': '2.5d_chiplet'},{'from': 'Chiplet_4', 'to': 'Chiplet_5', 'connection_type': '2.5d_emib', 'loc': '2.5d_chiplet'}",3,1.0,1.0,1.0,2.0,,ddr5,bow,ucie_3d,0,0,os,0,0,0
40,3.665749090547913,483254.06,10326.312295684753,4707569558.682321,486849.13724799716,136152.88141576527,40,3.665749090547913,5.538366334949999,4096,128x128,10,,,,,,,,,,,,,,,,,,,,,,,,,,2d,2d_na,8,,,,,,ddr5,na,na,0,0,is,1,0,0
41,10.818743929241704,1248232.31,66180.40084889866,2311397856.908719,110296.66666666666,68225.19794143105,41,4.9976252555201786,6.821646341899999,1024,128x128,14,0.916436759447044,1.3845915837374998,1024.0,64x64,10,1.51595254,4.475,1024.0,128x128,7,,,,,,,,,,,,,,,,2.5d,"{'from': 'Chiplet_1', 'to': 'Chiplet_3', 'connection_type': '2.5d_emib', 'loc': '2.5d_chiplet'},{'from': 'Chiplet_1', 'to': 'Chiplet_2', 'connection_type': '2.5d_emib', 'loc': '2.5d_chiplet'},{'from': 'Chiplet_3', 'to': 'Chiplet_1', 'connection_type': '2.5d_emib', 'loc': '2.5d_chiplet'},{'from': 'Chiplet_3', 'to': 'Chiplet_2', 'connection_type': '2.5d_emib', 'loc': '2.5d_chiplet'},{'from': 'Chiplet_2', 'to': 'Chiplet_1', 'connection_type': '2.5d_emib', 'loc': '2.5d_chiplet'},{'from': 'Chiplet_2', 'to': 'Chiplet_3', 'connection_type': '2.5d_emib', 'loc': '2.5d_chiplet'}",11,2.0,3.0,,,,hbm2,ucie_adv,na,0,0,os,0,0,0
42,12.042961325264494,3020313.99,107683.14078842584,1855292212.0426998,133876.02752293576,104858.43958006357,42,2.597993382379395,3.8395579270749995,512,96x96,14,0.46559300000000003,1.11875,512.0,64x64,7,1.743774000637535,1.7054115854749998,1024.0,64x64,14,5.5109919519999995,10.4826,8192.0,192x192,7,0.638803,1.11875,1024.0,64x64,7,3.432469952,10.4826,2048.0,192x192,7,2.5d_3d,"{'from': 'Chiplet_4', 'to': 'Chiplet_6', 'connection_type': '3d_tsv', 'loc': 'stack0_base'},{'from': 'Chiplet_6', 'to': 'Chiplet_1', 'connection_type': '3d_tsv', 'loc': 'stack0_middle1'},{'from': 'Chiplet_1', 'to': 'Chiplet_5', 'connection_type': '3d_tsv', 'loc': 'stack0_middle2'},{'from': 'Chiplet_5', 'to': 'na', 'connection_type': '3d_tsv', 'loc': 'stack0_top'},{'from': 'Chiplet_4', 'to': 'Chiplet_3', 'connection_type': '2.5d_emib', 'loc': '2.5d_chiplet'},{'from': 'Chiplet_4', 'to': 'Chiplet_2', 'connection_type': '2.5d_emib', 'loc': '2.5d_chiplet'},{'from': 'Chiplet_3', 'to': 'Chiplet_4', 'connection_type': '2.5d_emib', 'loc': '2.5d_chiplet'},{'from': 'Chiplet_3', 'to': 'Chiplet_2', 'connection_type': '2.5d_emib', 'loc': '2.5d_chiplet'},{'from': 'Chiplet_2', 'to': 'Chiplet_4', 'connection_type': '2.5d_emib', 'loc': '2.5d_chiplet'},{'from': 'Chiplet_2', 'to': 'Chiplet_3', 'connection_type': '2.5d_emib', 'loc': '2.5d_chiplet'}",3,1.0,2.0,6.0,1.0,3.0,hbm3,aib,ucie_3d,0,0,is,0,0,0
43,31.2877531707971,3932066.7,95328.98197672763,3578628712.843375,493764.6249907233,427514.7017026607,43,3.5867297574793953,3.8395579270749995,2048,96x96,14,3.3193280905479132,5.538366334949999,3072.0,128x128,10,6.315940422320179,6.821646341899999,3072.0,128x128,14,12.799492673176792,15.979573171754398,4096.0,192x192,14,2.927572174079395,3.8395579270749995,1024.0,96x96,14,3.2571509657793953,3.8395579270749995,1536.0,96x96,14,2.5d_3d,"{'from': 'Chiplet_1', 'to': 'Chiplet_6', 'connection_type': '3d_hyb_bond', 'loc': 'stack0_base'},{'from': 'Chiplet_6', 'to': 'Chiplet_5', 'connection_type': '3d_hyb_bond', 'loc': 'stack0_middle1'},{'from': 'Chiplet_5', 'to': 'na', 'connection_type': '3d_hyb_bond', 'loc': 'stack0_top'},{'from': 'Chiplet_4', 'to': 'Chiplet_1', 'connection_type': '2.5d_rdl', 'loc': '2.5d_chiplet'},{'from': 'Chiplet_4', 'to': 'Chiplet_3', 'connection_type': '2.5d_rdl', 'loc': '2.5d_chiplet'},{'from': 'Chiplet_3', 'to': 'Chiplet_4', 'connection_type': '2.5d_rdl', 'loc': '2.5d_chiplet'},{'from': 'Chiplet_3', 'to': 'Chiplet_1', 'connection_type': '2.5d_rdl', 'loc': '2.5d_chiplet'},{'from': 'Chiplet_3', 'to': 'Chiplet_2', 'connection_type': '2.5d_rdl', 'loc': '2.5d_chiplet'},{'from': 'Chiplet_1', 'to': 'Chiplet_4', 'connection_type': '2.5d_rdl', 'loc': '2.5d_chiplet'},{'from': 'Chiplet_1', 'to': 'Chiplet_2', 'connection_type': '2.5d_rdl', 'loc': '2.5d_chiplet'},{'from': 'Chiplet_1', 'to': 'Chiplet_3', 'connection_type': '2.5d_rdl', 'loc': '2.5d_chiplet'},{'from': 'Chiplet_2', 'to': 'Chiplet_1', 'connection_type': '2.5d_rdl', 'loc': '2.5d_chiplet'},{'from': 'Chiplet_2', 'to': 'Chiplet_3', 'connection_type': '2.5d_rdl', 'loc': '2.5d_chiplet'}",1,1.0,1.0,3.0,1.0,1.0,ddr5,ucie_std,ucie_3d,0,0,os,1,0,0
44,6.726740457366197,2637290.02,80718.80479952291,1813580969.1115768,93986.84783684782,74483.04325012497,44,6.726740457366197,12.973514847541198,4096,192x192,10,3.2571509657793953,3.8395579270749995,1536.0,96x96,14,1.86237254,4.475,2048.0,128x128,7,1.131132696,2.51875,1536.0,96x96,7,,,,,,,,,,,3d,"{'from': 'Chiplet_1', 'to': 'Chiplet_2', 'connection_type': '3d_hyb_bond', 'loc': 'stack0_base'},{'from': 'Chiplet_2', 'to': 'Chiplet_3', 'connection_type': '3d_hyb_bond', 'loc': 'stack0_middle1'},{'from': 'Chiplet_3', 'to': 'Chiplet_4', 'connection_type': '3d_hyb_bond', 'loc': 'stack0_middle2'},{'from': 'Chiplet_4', 'to': 'na', 'connection_type': '3d_hyb_bond', 'loc': 'stack0_top'}",8,4.0,2.0,2.0,,,hbm3,na,ucie_3d,0,0,ws,0,0,0
45,1.131132696,210153.35,5006.713848265399,12581949758.834122,841025.8823529412,270387.4500742129,45,1.131132696,2.51875,1536,96x96,7,,,,,,,,,,,,,,,,,,,,,,,,,,2d,2d_na,8,,,,,,ddr4,na,na,0,0,is,0,0,0
46,63.19389711470181,6334255.43,124111.74995327843,2478518736.6897697,48766.66666666667,94714.87896743053,46,1.578984604787535,1.7054115854749998,768,64x64,14,12.799492673176792,15.979573171754398,4096.0,192x192,14,3.2571509657793953,3.8395579270749995,1536.0,96x96,14,6.315940422320179,6.821646341899999,3072.0,128x128,14,4.1253109519999995,10.4826,4096.0,192x192,7,12.799492673176792,15.979573171754398,4096.0,192x192,14,2.5d,"{'from': 'Chiplet_2', 'to': 'Chiplet_4', 'connection_type': '2.5d_rdl', 'loc': '2.5d_chiplet'},{'from': 'Chiplet_2', 'to': 'Chiplet_1', 'connection_type': '2.5d_rdl', 'loc': '2.5d_chiplet'},{'from': 'Chiplet_2', 'to': 'Chiplet_6', 'connection_type': '2.5d_rdl', 'loc': '2.5d_chiplet'},{'from': 'Chiplet_4', 'to': 'Chiplet_1', 'connection_type': '2.5d_rdl', 'loc': '2.5d_chiplet'},{'from': 'Chiplet_4', 'to': 'Chiplet_2', 'connection_type': '2.5d_rdl', 'loc': '2.5d_chiplet'},{'from': 'Chiplet_1', 'to': 'Chiplet_4', 'connection_type': '2.5d_rdl', 'loc': '2.5d_chiplet'},{'from': 'Chiplet_1', 'to': 'Chiplet_2', 'connection_type': '2.5d_rdl', 'loc': '2.5d_chiplet'},{'from': 'Chiplet_6', 'to': 'Chiplet_2', 'connection_type': '2.5d_rdl', 'loc': '2.5d_chiplet'},{'from': 'Chiplet_6', 'to': 'Chiplet_5', 'connection_type': '2.5d_rdl', 'loc': '2.5d_chiplet'},{'from': 'Chiplet_6', 'to': 'Chiplet_3', 'connection_type': '2.5d_rdl', 'loc': '2.5d_chiplet'},{'from': 'Chiplet_5', 'to': 'Chiplet_3', 'connection_type': '2.5d_rdl', 'loc': '2.5d_chiplet'},{'from': 'Chiplet_5', 'to': 'Chiplet_6', 'connection_type': '2.5d_rdl', 'loc': '2.5d_chiplet'},{'from': 'Chiplet_3', 'to': 'Chiplet_6', 'connection_type': '2.5d_rdl', 'loc': '2.5d_chiplet'},{'from': 'Chiplet_3', 'to': 'Chiplet_5', 'connection_type': '2.5d_rdl', 'loc': '2.5d_chiplet'}",1,5.0,1.0,2.0,2.0,5.0,hbm2,ucie_std,na,1,0,os,0,0,0
47,7.419580457366197,989313.45,21036.905419671933,5281063271.203018,185098.73785766205,141282.07312213947,47,7.419580457366196,12.973514847541198,6144,192x192,10,,,,,,,,,,,,,,,,,,,,,,,,,,2d,2d_na,8,,,,,,ddr5,na,na,0,0,ws,0,0,0
48,3.4324699520000004,645130.07,15279.897281888585,4538586746.1296625,177805.06601466992,117745.11147111365,48,3.432469952,10.4826,2048,192x192,7,,,,,,,,,,,,,,,,,,,,,,,,,,2d,2d_na,8,,,,,,ddr5,na,na,0,0,is,0,0,0
49,8.913270375680455,1895070.64,55877.8057297628,1927645881.3965695,119382.72727272726,73064.97113645615,49,4.818150952,10.4826,6144,192x192,7,0.46559300000000003,1.11875,512.0,64x64,7,2.972908090547913,5.538366334949999,2048.0,128x128,10,,,,,,,,,,,,,,,,2.5d_3d,"{'from': 'Chiplet_3', 'to': 'Chiplet_2', 'connection_type': '3d_tsv', 'loc': 'stack0_base'},{'from': 'Chiplet_2', 'to': 'na', 'connection_type': '3d_tsv', 'loc': 'stack0_top'},{'from': 'Chiplet_1', 'to': 'Chiplet_3', 'connection_type': '2.5d_emib', 'loc': '2.5d_chiplet'},{'from': 'Chiplet_3', 'to': 'Chiplet_1', 'connection_type': '2.5d_emib', 'loc': '2.5d_chiplet'}",9,1.0,6.0,,,,hbm3,ucie_adv,ucie_3d,1,0,ws,0,0,0
50,11.957411774994235,1446100.52,45157.483677956,6937951948.877184,181384.6091205212,185808.30210073316,50,1.304342696,2.51875,2048,96x96,7,1.86237254,4.475,2048.0,128x128,7,0.957922696,2.51875,1024.0,96x96,7,0.46559300000000003,1.11875,512.0,64x64,7,4.9976252555201786,6.821646341899999,1024.0,128x128,14,,,,,,2.5d,"{'from': 'Chiplet_5', 'to': 'Chiplet_1', 'connection_type': '2.5d_rdl', 'loc': '2.5d_chiplet'},{'from': 'Chiplet_5', 'to': 'Chiplet_2', 'connection_type': '2.5d_rdl', 'loc': '2.5d_chiplet'},{'from': 'Chiplet_2', 'to': 'Chiplet_4', 'connection_type': '2.5d_rdl', 'loc': '2.5d_chiplet'},{'from': 'Chiplet_2', 'to': 'Chiplet_1', 'connection_type': '2.5d_rdl', 'loc': '2.5d_chiplet'},{'from': 'Chiplet_2', 'to': 'Chiplet_3', 'connection_type': '2.5d_rdl', 'loc': '2.5d_chiplet'},{'from': 'Chiplet_2', 'to': 'Chiplet_5', 'connection_type': '2.5d_rdl', 'loc': '2.5d_chiplet'},{'from': 'Chiplet_4', 'to': 'Chiplet_2', 'connection_type': '2.5d_rdl', 'loc': '2.5d_chiplet'},{'from': 'Chiplet_4', 'to': 'Chiplet_3', 'connection_type': '2.5d_rdl', 'loc': '2.5d_chiplet'},{'from': 'Chiplet_1', 'to': 'Chiplet_2', 'connection_type': '2.5d_rdl', 'loc': '2.5d_chiplet'},{'from': 'Chiplet_1', 'to': 'Chiplet_3', 'connection_type': '2.5d_rdl', 'loc': '2.5d_chiplet'},{'from': 'Chiplet_1', 'to': 'Chiplet_5', 'connection_type': '2.5d_rdl', 'loc': '2.5d_chiplet'},{'from': 'Chiplet_3', 'to': 'Chiplet_1', 'connection_type': '2.5d_rdl', 'loc': '2.5d_chiplet'},{'from': 'Chiplet_3', 'to': 'Chiplet_2', 'connection_type': '2.5d_rdl', 'loc': '2.5d_chiplet'},{'from': 'Chiplet_3', 'to': 'Chiplet_4', 'connection_type': '2.5d_rdl', 'loc': '2.5d_chiplet'}",1,1.0,1.0,1.0,4.0,,ddr5,ucie_std,na,0,0,ws,0,0,0
51,11.236718168864032,1781315.08,100163.44313074584,1730957639.5167725,56278.60286997094,51608.52037525176,51,1.578984604787535,1.7054115854749998,768,64x64,14,4.1253109519999995,10.4826,4096.0,192x192,7,2.6264880905479133,5.538366334949999,1024.0,128x128,10,0.656621759447044,1.3845915837374998,256.0,64x64,10,,,,,,,,,,,2.5d,"{'from': 'Chiplet_2', 'to': 'Chiplet_1', 'connection_type': '2.5d_emib', 'loc': '2.5d_chiplet'},{'from': 'Chiplet_2', 'to': 'Chiplet_3', 'connection_type': '2.5d_emib', 'loc': '2.5d_chiplet'},{'from': 'Chiplet_2', 'to': 'Chiplet_4', 'connection_type': '2.5d_emib', 'loc': '2.5d_chiplet'},{'from': 'Chiplet_4', 'to': 'Chiplet_1', 'connection_type': '2.5d_emib', 'loc': '2.5d_chiplet'},{'from': 'Chiplet_4', 'to': 'Chiplet_2', 'connection_type': '2.5d_emib', 'loc': '2.5d_chiplet'},{'from': 'Chiplet_3', 'to': 'Chiplet_1', 'connection_type': '2.5d_emib', 'loc': '2.5d_chiplet'},{'from': 'Chiplet_3', 'to': 'Chiplet_2', 'connection_type': '2.5d_emib', 'loc': '2.5d_chiplet'},{'from': 'Chiplet_1', 'to': 'Chiplet_4', 'connection_type': '2.5d_emib', 'loc': '2.5d_chiplet'},{'from': 'Chiplet_1', 'to': 'Chiplet_2', 'connection_type': '2.5d_emib', 'loc': '2.5d_chiplet'},{'from': 'Chiplet_1', 'to': 'Chiplet_3', 'connection_type': '2.5d_emib', 'loc': '2.5d_chiplet'}",3,7.0,5.0,1.0,,,hbm3,aib,na,0,0,os,0,0,0
52,10.010513129091924,1776442.45,101759.00858905332,1894586274.5585623,76856.0,62337.91228736063,52,1.7117881800824635,3.1172648505374996,1536,96x96,10,0.656621759447044,1.3845915837374998,256.0,64x64,10,2.20879254,4.475,3072.0,128x128,7,3.432469952,10.4826,2048.0,192x192,7,,,,,,,,,,,2.5d,"{'from': 'Chiplet_4', 'to': 'Chiplet_1', 'connection_type': '2.5d_emib', 'loc': '2.5d_chiplet'},{'from': 'Chiplet_4', 'to': 'Chiplet_3', 'connection_type': '2.5d_emib', 'loc': '2.5d_chiplet'},{'from': 'Chiplet_4', 'to': 'Chiplet_2', 'connection_type': '2.5d_emib', 'loc': '2.5d_chiplet'},{'from': 'Chiplet_2', 'to': 'Chiplet_1', 'connection_type': '2.5d_emib', 'loc': '2.5d_chiplet'},{'from': 'Chiplet_2', 'to': 'Chiplet_4', 'connection_type': '2.5d_emib', 'loc': '2.5d_chiplet'},{'from': 'Chiplet_3', 'to': 'Chiplet_4', 'connection_type': '2.5d_emib', 'loc': '2.5d_chiplet'},{'from': 'Chiplet_3', 'to': 'Chiplet_1', 'connection_type': '2.5d_emib', 'loc': '2.5d_chiplet'},{'from': 'Chiplet_1', 'to': 'Chiplet_4', 'connection_type': '2.5d_emib', 'loc': '2.5d_chiplet'},{'from': 'Chiplet_1', 'to': 'Chiplet_2', 'connection_type': '2.5d_emib', 'loc': '2.5d_chiplet'},{'from': 'Chiplet_1', 'to': 'Chiplet_3', 'connection_type': '2.5d_emib', 'loc': '2.5d_chiplet'}",4,1.0,4.0,7.0,,,hbm2,bow,na,1,0,ws,0,0,0
53,54.62999890097197,5956284.27,206077.92165331772,2693817967.529213,60958.33333333333,100817.97421647969,53,0.916436759447044,1.3845915837374998,1024,64x64,10,2.20879254,4.475,3072.0,128x128,7,15.436124909546791,15.979573171754398,8192.0,192x192,14,5.656782838920179,6.821646341899999,2048.0,128x128,14,0.638803,1.11875,1024.0,64x64,7,14.117807839976791,15.979573171754398,6144.0,192x192,14,2.5d,"{'from': 'Chiplet_3', 'to': 'Chiplet_4', 'connection_type': '2.5d_emib', 'loc': '2.5d_chiplet'},{'from': 'Chiplet_3', 'to': 'Chiplet_1', 'connection_type': '2.5d_emib', 'loc': '2.5d_chiplet'},{'from': 'Chiplet_3', 'to': 'Chiplet_2', 'connection_type': '2.5d_emib', 'loc': '2.5d_chiplet'},{'from': 'Chiplet_3', 'to': 'Chiplet_6', 'connection_type': '2.5d_emib', 'loc': '2.5d_chiplet'},{'from': 'Chiplet_2', 'to': 'Chiplet_1', 'connection_type': '2.5d_emib', 'loc': '2.5d_chiplet'},{'from': 'Chiplet_2', 'to': 'Chiplet_3', 'connection_type': '2.5d_emib', 'loc': '2.5d_chiplet'},{'from': 'Chiplet_2', 'to': 'Chiplet_5', 'connection_type': '2.5d_emib', 'loc': '2.5d_chiplet'},{'from': 'Chiplet_1', 'to': 'Chiplet_2', 'connection_type': '2.5d_emib', 'loc': '2.5d_chiplet'},{'from': 'Chiplet_1', 'to': 'Chiplet_5', 'connection_type': '2.5d_emib', 'loc': '2.5d_chiplet'},{'from': 'Chiplet_1', 'to': 'Chiplet_3', 'connection_type': '2.5d_emib', 'loc': '2.5d_chiplet'},{'from': 'Chiplet_5', 'to': 'Chiplet_1', 'connection_type': '2.5d_emib', 'loc': '2.5d_chiplet'},{'from': 'Chiplet_5', 'to': 'Chiplet_2', 'connection_type': '2.5d_emib', 'loc': '2.5d_chiplet'},{'from': 'Chiplet_6', 'to': 'Chiplet_4', 'connection_type': '2.5d_emib', 'loc': '2.5d_chiplet'},{'from': 'Chiplet_6', 'to': 'Chiplet_3', 'connection_type': '2.5d_emib', 'loc': '2.5d_chiplet'},{'from': 'Chiplet_4', 'to': 'Chiplet_3', 'connection_type': '2.5d_emib', 'loc': '2.5d_chiplet'},{'from': 'Chiplet_4', 'to': 'Chiplet_6', 'connection_type': '2.5d_emib', 'loc': '2.5d_chiplet'}",1,1.0,6.0,2.0,1.0,5.0,hbm2,bow,na,1,0,os,0,0,0
54,1.51595254,282288.85,6717.32347033048,5625905923.809047,427307.0392156863,138635.80137459582,54,1.51595254,4.475,1024,128x128,7,,,,,,,,,,,,,,,,,,,,,,,,,,2d,2d_na,8,,,,,,ddr4,na,na,0,0,ws,1,0,0
55,8.062204253256564,1706948.88,109661.5811551545,5813805216.732534,1395948.3398099982,639696.5228232268,55,1.86237254,4.475,2048,128x128,7,1.743774000637535,1.7054115854749998,1024.0,64x64,14,1.51595254,4.475,1024.0,128x128,7,1.8849981800824636,3.1172648505374996,2048.0,96x96,10,1.86237254,4.475,2048.0,128x128,7,0.784712696,2.51875,512.0,96x96,7,2.5d_3d,"{'from': 'Chiplet_2', 'to': 'Chiplet_3', 'connection_type': '3d_tsv', 'loc': 'stack0_base'},{'from': 'Chiplet_3', 'to': 'Chiplet_6', 'connection_type': '3d_tsv', 'loc': 'stack0_middle1'},{'from': 'Chiplet_6', 'to': 'na', 'connection_type': '3d_tsv', 'loc': 'stack0_top'},{'from': 'Chiplet_4', 'to': 'Chiplet_1', 'connection_type': '2.5d_emib', 'loc': '2.5d_chiplet'},{'from': 'Chiplet_4', 'to': 'Chiplet_2', 'connection_type': '2.5d_emib', 'loc': '2.5d_chiplet'},{'from': 'Chiplet_2', 'to': 'Chiplet_4', 'connection_type': '2.5d_emib', 'loc': '2.5d_chiplet'},{'from': 'Chiplet_2', 'to': 'Chiplet_5', 'connection_type': '2.5d_emib', 'loc': '2.5d_chiplet'},{'from': 'Chiplet_1', 'to': 'Chiplet_4', 'connection_type': '2.5d_emib', 'loc': '2.5d_chiplet'},{'from': 'Chiplet_1', 'to': 'Chiplet_5', 'connection_type': '2.5d_emib', 'loc': '2.5d_chiplet'},{'from': 'Chiplet_5', 'to': 'Chiplet_1', 'connection_type': '2.5d_emib', 'loc': '2.5d_chiplet'},{'from': 'Chiplet_5', 'to': 'Chiplet_2', 'connection_type': '2.5d_emib', 'loc': '2.5d_chiplet'}",2,1.0,1.0,2.0,1.0,1.0,ddr4,ucie_adv,ucie_3d,0,0,os,1,0,0
56,8.036893226645688,1630810.76,38245.07837977703,1445881169.8550646,922755.439014384,267777.61677349085,56,1.4141952089375351,1.7054115854749998,512,64x64,14,2.6264880905479133,5.538366334949999,1024.0,128x128,10,0.656621759447044,1.3845915837374998,256.0,64x64,10,0.638803,1.11875,1024.0,64x64,7,2.55521354,4.475,4096.0,128x128,7,,,,,,2.5d_3d,"{'from': 'Chiplet_1', 'to': 'Chiplet_3', 'connection_type': '3d_hyb_bond', 'loc': 'stack0_base'},{'from': 'Chiplet_3', 'to': 'Chiplet_4', 'connection_type': '3d_hyb_bond', 'loc': 'stack0_middle1'},{'from': 'Chiplet_4', 'to': 'na', 'connection_type': '3d_hyb_bond', 'loc': 'stack0_top'},{'from': 'Chiplet_2', 'to': 'Chiplet_1', 'connection_type': '2.5d_rdl', 'loc': '2.5d_chiplet'},{'from': 'Chiplet_2', 'to': 'Chiplet_5', 'connection_type': '2.5d_rdl', 'loc': '2.5d_chiplet'},{'from': 'Chiplet_5', 'to': 'Chiplet_1', 'connection_type': '2.5d_rdl', 'loc': '2.5d_chiplet'},{'from': 'Chiplet_5', 'to': 'Chiplet_2', 'connection_type': '2.5d_rdl', 'loc': '2.5d_chiplet'},{'from': 'Chiplet_1', 'to': 'Chiplet_2', 'connection_type': '2.5d_rdl', 'loc': '2.5d_chiplet'},{'from': 'Chiplet_1', 'to': 'Chiplet_5', 'connection_type': '2.5d_rdl', 'loc': '2.5d_chiplet'}",3,5.0,2.0,1.0,5.0,,hbm3,ucie_std,ucie_3d,0,0,os,1,0,0
57,12.79949267317679,2443408.23,104483.89084153641,6602485620.0906315,180754.11764705883,198693.85259019802,57,0.916436759447044,1.3845915837374998,1024,64x64,10,0.829831759447044,1.3845915837374998,768.0,64x64,10,1.7117881800824635,3.1172648505374996,1536.0,96x96,10,0.829831759447044,1.3845915837374998,768.0,64x64,10,12.799492673176792,15.979573171754398,4096.0,192x192,14,,,,,,3d,"{'from': 'Chiplet_5', 'to': 'Chiplet_3', 'connection_type': '3d_hyb_bond', 'loc': 'stack0_base'},{'from': 'Chiplet_3', 'to': 'Chiplet_1', 'connection_type': '3d_hyb_bond', 'loc': 'stack0_middle1'},{'from': 'Chiplet_1', 'to': 'Chiplet_2', 'connection_type': '3d_hyb_bond', 'loc': 'stack0_middle2'},{'from': 'Chiplet_2', 'to': 'Chiplet_4', 'connection_type': '3d_hyb_bond', 'loc': 'stack0_middle3'},{'from': 'Chiplet_4', 'to': 'na', 'connection_type': '3d_hyb_bond', 'loc': 'stack0_top'}",1,1.0,1.0,1.0,4.0,,ddr4,na,ucie_3d,1,0,is,0,0,0
58,2.597993382379395,254589.69,5445.223600343104,8444930627.381725,518321.56862745096,191926.68561820834,58,2.597993382379395,3.8395579270749995,512,96x96,14,,,,,,,,,,,,,,,,,,,,,,,,,,2d,2d_na,8,,,,,,ddr5,na,na,1,0,os,0,0,0
59,6.033899457366197,801412.88,17069.379268828256,3029175406.51715,185143.33245225664,99866.97630108871,59,6.033899457366197,12.973514847541198,2048,192x192,10,,,,,,,,,,,,,,,,,,,,,,,,,,2d,2d_na,8,,,,,,ddr5,na,na,0,0,ws,1,0,0
60,3.5867297574793953,674039.88,15652.725392523133,12865257478.316809,789576.4705882353,337616.4183914988,60,1.8849981800824636,3.1172648505374996,2048,96x96,10,3.5867297574793953,3.8395579270749995,2048.0,96x96,14,,,,,,,,,,,,,,,,,,,,,3d,"{'from': 'Chiplet_2', 'to': 'Chiplet_1', 'connection_type': '3d_tsv', 'loc': 'stack0_base'},{'from': 'Chiplet_1', 'to': 'na', 'connection_type': '3d_tsv', 'loc': 'stack0_top'}",3,5.0,,,,,ddr4,na,ucie_3d,1,0,is,0,0,0
61,14.11780783997679,2472135.13,41624.792597598935,2166883554.5045424,181340.80784080783,111572.8806842072,61,14.117807839976791,15.979573171754398,6144,192x192,14,2.6264880905479133,5.538366334949999,1024.0,128x128,10,,,,,,,,,,,,,,,,,,,,,3d,"{'from': 'Chiplet_1', 'to': 'Chiplet_2', 'connection_type': '3d_tsv', 'loc': 'stack0_base'},{'from': 'Chiplet_2', 'to': 'na', 'connection_type': '3d_tsv', 'loc': 'stack0_top'}",13,3.0,,,,,hbm3,na,ucie_3d,1,0,ws,0,0,0
62,2.9280141261473966,752874.18,41607.02167388978,1268752622.3139515,1173179.807424164,198826.40193464205,62,0.46559300000000003,1.11875,512,64x64,7,0.957922696,2.51875,1024.0,96x96,7,0.656621759447044,1.3845915837374998,256.0,64x64,10,1.5385781800824634,3.1172648505374996,1024.0,96x96,10,,,,,,,,,,,2.5d_3d,"{'from': 'Chiplet_2', 'to': 'Chiplet_3', 'connection_type': '3d_hyb_bond', 'loc': 'stack0_base'},{'from': 'Chiplet_3', 'to': 'Chiplet_1', 'connection_type': '3d_hyb_bond', 'loc': 'stack0_middle1'},{'from': 'Chiplet_1', 'to': 'na', 'connection_type': '3d_hyb_bond', 'loc': 'stack0_top'},{'from': 'Chiplet_4', 'to': 'Chiplet_2', 'connection_type': '2.5d_emib', 'loc': '2.5d_chiplet'},{'from': 'Chiplet_2', 'to': 'Chiplet_4', 'connection_type': '2.5d_emib', 'loc': '2.5d_chiplet'}",2,4.0,3.0,7.0,,,hbm3,ucie_adv,ucie_3d,0,0,is,1,0,0
63,17.909001946781164,2324765.55,153378.638370256,1823970858.869626,128756.66666666667,87141.28020981047,63,1.743774000637535,1.7054115854749998,1024,64x64,14,1.7117881800824635,3.1172648505374996,1536.0,96x96,10,1.304342696,2.51875,2048.0,96x96,7,3.432469952,10.4826,2048.0,192x192,7,1.8849981800824636,3.1172648505374996,2048.0,96x96,10,1.249405813087535,1.7054115854749998,256.0,64x64,14,2.5d,"{'from': 'Chiplet_4', 'to': 'Chiplet_2', 'connection_type': '2.5d_emib', 'loc': '2.5d_chiplet'},{'from': 'Chiplet_4', 'to': 'Chiplet_5', 'connection_type': '2.5d_emib', 'loc': '2.5d_chiplet'},{'from': 'Chiplet_2', 'to': 'Chiplet_1', 'connection_type': '2.5d_emib', 'loc': '2.5d_chiplet'},{'from': 'Chiplet_2', 'to': 'Chiplet_4', 'connection_type': '2.5d_emib', 'loc': '2.5d_chiplet'},{'from': 'Chiplet_2', 'to': 'Chiplet_5', 'connection_type': '2.5d_emib', 'loc': '2.5d_chiplet'},{'from': 'Chiplet_5', 'to': 'Chiplet_4', 'connection_type': '2.5d_emib', 'loc': '2.5d_chiplet'},{'from': 'Chiplet_5', 'to': 'Chiplet_1', 'connection_type': '2.5d_emib', 'loc': '2.5d_chiplet'},{'from': 'Chiplet_5', 'to': 'Chiplet_2', 'connection_type': '2.5d_emib', 'loc': '2.5d_chiplet'},{'from': 'Chiplet_5', 'to': 'Chiplet_6', 'connection_type': '2.5d_emib', 'loc': '2.5d_chiplet'},{'from': 'Chiplet_6', 'to': 'Chiplet_3', 'connection_type': '2.5d_emib', 'loc': '2.5d_chiplet'},{'from': 'Chiplet_6', 'to': 'Chiplet_5', 'connection_type': '2.5d_emib', 'loc': '2.5d_chiplet'},{'from': 'Chiplet_1', 'to': 'Chiplet_2', 'connection_type': '2.5d_emib', 'loc': '2.5d_chiplet'},{'from': 'Chiplet_1', 'to': 'Chiplet_5', 'connection_type': '2.5d_emib', 'loc': '2.5d_chiplet'},{'from': 'Chiplet_1', 'to': 'Chiplet_3', 'connection_type': '2.5d_emib', 'loc': '2.5d_chiplet'},{'from': 'Chiplet_3', 'to': 'Chiplet_1', 'connection_type': '2.5d_emib', 'loc': '2.5d_chiplet'},{'from': 'Chiplet_3', 'to': 'Chiplet_6', 'connection_type': '2.5d_emib', 'loc': '2.5d_chiplet'}",2,2.0,2.0,5.0,3.0,2.0,hbm2,bow,na,1,0,is,0,0,0
64,6.315940422320178,1480824.47,35532.68803631102,6288744410.968609,527750.2837166317,272803.9063091727,64,6.315940422320179,6.821646341899999,3072,128x128,14,3.665749090547913,5.538366334949999,4096.0,128x128,10,2.927572174079395,3.8395579270749995,1024.0,96x96,14,,,,,,,,,,,,,,,,3d,"{'from': 'Chiplet_1', 'to': 'Chiplet_2', 'connection_type': '3d_tsv', 'loc': 'stack0_base'},{'from': 'Chiplet_2', 'to': 'Chiplet_3', 'connection_type': '3d_tsv', 'loc': 'stack0_middle1'},{'from': 'Chiplet_3', 'to': 'na', 'connection_type': '3d_tsv', 'loc': 'stack0_top'}",4,2.0,2.0,,,,ddr4,na,ucie_3d,0,0,ws,1,0,0
65,3.5867297574793953,667552.37,18308.750667942088,7384133772.740205,741709.8466636013,211421.17170335958,65,1.743774000637535,1.7054115854749998,1024,64x64,14,3.5867297574793953,3.8395579270749995,2048.0,96x96,14,,,,,,,,,,,,,,,,,,,,,3d,"{'from': 'Chiplet_2', 'to': 'Chiplet_1', 'connection_type': '3d_hyb_bond', 'loc': 'stack0_base'},{'from': 'Chiplet_1', 'to': 'na', 'connection_type': '3d_hyb_bond', 'loc': 'stack0_top'}",3,5.0,,,,,ddr4,na,ucie_3d,1,0,os,1,0,0
66,18.795957840309654,2426514.92,130905.42073018015,2153753313.332803,347749.5507296474,182989.6823318079,66,0.46559300000000003,1.11875,512,64x64,7,3.2571509657793953,3.8395579270749995,1536.0,96x96,14,8.112421457366196,12.973514847541198,8192.0,192x192,10,0.829831759447044,1.3845915837374998,768.0,64x64,10,1.5385781800824634,3.1172648505374996,1024.0,96x96,10,,,,,,2.5d,"{'from': 'Chiplet_3', 'to': 'Chiplet_2', 'connection_type': '2.5d_emib', 'loc': '2.5d_chiplet'},{'from': 'Chiplet_3', 'to': 'Chiplet_5', 'connection_type': '2.5d_emib', 'loc': '2.5d_chiplet'},{'from': 'Chiplet_2', 'to': 'Chiplet_4', 'connection_type': '2.5d_emib', 'loc': '2.5d_chiplet'},{'from': 'Chiplet_2', 'to': 'Chiplet_3', 'connection_type': '2.5d_emib', 'loc': '2.5d_chiplet'},{'from': 'Chiplet_2', 'to': 'Chiplet_5', 'connection_type': '2.5d_emib', 'loc': '2.5d_chiplet'},{'from': 'Chiplet_5', 'to': 'Chiplet_4', 'connection_type': '2.5d_emib', 'loc': '2.5d_chiplet'},{'from': 'Chiplet_5', 'to': 'Chiplet_1', 'connection_type': '2.5d_emib', 'loc': '2.5d_chiplet'},{'from': 'Chiplet_5', 'to': 'Chiplet_3', 'connection_type': '2.5d_emib', 'loc': '2.5d_chiplet'},{'from': 'Chiplet_5', 'to': 'Chiplet_2', 'connection_type': '2.5d_emib', 'loc': '2.5d_chiplet'},{'from': 'Chiplet_4', 'to': 'Chiplet_1', 'connection_type': '2.5d_emib', 'loc': '2.5d_chiplet'},{'from': 'Chiplet_4', 'to': 'Chiplet_2', 'connection_type': '2.5d_emib', 'loc': '2.5d_chiplet'},{'from': 'Chiplet_4', 'to': 'Chiplet_5', 'connection_type': '2.5d_emib', 'loc': '2.5d_chiplet'},{'from': 'Chiplet_1', 'to': 'Chiplet_4', 'connection_type': '2.5d_emib', 'loc': '2.5d_chiplet'},{'from': 'Chiplet_1', 'to': 'Chiplet_5', 'connection_type': '2.5d_emib', 'loc': '2.5d_chiplet'}",1,3.0,9.0,1.0,2.0,,hbm2,aib,na,0,0,is,1,0,0
67,10.034449819853736,1683293.8,35016.03802346728,1232165971.764666,373659.82788437075,154133.97338665742,67,2.927572174079395,3.8395579270749995,1024,96x96,14,1.3653681800824635,3.1172648505374996,512.0,96x96,10,3.432469952,10.4826,2048.0,192x192,7,1.4141952089375351,1.7054115854749998,512.0,64x64,14,,,,,,,,,,,2.5d_3d,"{'from': 'Chiplet_4', 'to': 'Chiplet_2', 'connection_type': '3d_tsv', 'loc': 'stack0_base'},{'from': 'Chiplet_2', 'to': 'na', 'connection_type': '3d_tsv', 'loc': 'stack0_top'},{'from': 'Chiplet_3', 'to': 'Chiplet_1', 'connection_type': '2.5d_rdl', 'loc': '2.5d_chiplet'},{'from': 'Chiplet_3', 'to': 'Chiplet_4', 'connection_type': '2.5d_rdl', 'loc': '2.5d_chiplet'},{'from': 'Chiplet_1', 'to': 'Chiplet_4', 'connection_type': '2.5d_rdl', 'loc': '2.5d_chiplet'},{'from': 'Chiplet_1', 'to': 'Chiplet_3', 'connection_type': '2.5d_rdl', 'loc': '2.5d_chiplet'},{'from': 'Chiplet_4', 'to': 'Chiplet_1', 'connection_type': '2.5d_rdl', 'loc': '2.5d_chiplet'},{'from': 'Chiplet_4', 'to': 'Chiplet_3', 'connection_type': '2.5d_rdl', 'loc': '2.5d_chiplet'}",5,2.0,6.0,3.0,,,hbm3,ucie_std,ucie_3d,0,0,ws,1,0,0
68,16.061446806379312,2072490.45,134629.1155785991,4753926764.781652,90099.51430648254,125191.58137457205,68,6.726740457366197,12.973514847541198,4096,192x192,10,1.4141952089375351,1.7054115854749998,512.0,64x64,14,0.638803,1.11875,1024.0,64x64,7,2.55521354,4.475,4096.0,128x128,7,1.131132696,2.51875,1536.0,96x96,7,,,,,,2.5d,"{'from': 'Chiplet_1', 'to': 'Chiplet_4', 'connection_type': '2.5d_emib', 'loc': '2.5d_chiplet'},{'from': 'Chiplet_1', 'to': 'Chiplet_2', 'connection_type': '2.5d_emib', 'loc': '2.5d_chiplet'},{'from': 'Chiplet_4', 'to': 'Chiplet_1', 'connection_type': '2.5d_emib', 'loc': '2.5d_chiplet'},{'from': 'Chiplet_4', 'to': 'Chiplet_2', 'connection_type': '2.5d_emib', 'loc': '2.5d_chiplet'},{'from': 'Chiplet_4', 'to': 'Chiplet_5', 'connection_type': '2.5d_emib', 'loc': '2.5d_chiplet'},{'from': 'Chiplet_2', 'to': 'Chiplet_1', 'connection_type': '2.5d_emib', 'loc': '2.5d_chiplet'},{'from': 'Chiplet_2', 'to': 'Chiplet_3', 'connection_type': '2.5d_emib', 'loc': '2.5d_chiplet'},{'from': 'Chiplet_2', 'to': 'Chiplet_4', 'connection_type': '2.5d_emib', 'loc': '2.5d_chiplet'},{'from': 'Chiplet_2', 'to': 'Chiplet_5', 'connection_type': '2.5d_emib', 'loc': '2.5d_chiplet'},{'from': 'Chiplet_5', 'to': 'Chiplet_4', 'connection_type': '2.5d_emib', 'loc': '2.5d_chiplet'},{'from': 'Chiplet_5', 'to': 'Chiplet_2', 'connection_type': '2.5d_emib', 'loc': '2.5d_chiplet'},{'from': 'Chiplet_5', 'to': 'Chiplet_3', 'connection_type': '2.5d_emib', 'loc': '2.5d_chiplet'},{'from': 'Chiplet_3', 'to': 'Chiplet_2', 'connection_type': '2.5d_emib', 'loc': '2.5d_chiplet'},{'from': 'Chiplet_3', 'to': 'Chiplet_5', 'connection_type': '2.5d_emib', 'loc': '2.5d_chiplet'}",4,1.0,1.0,1.0,1.0,,ddr5,aib,na,1,0,ws,0,0,0
69,28.881082198381996,2362377.35,55003.033830811764,3957000376.170985,414346.9952896034,247446.86779230158,69,14.117807839976791,15.979573171754398,6144,192x192,14,3.5867297574793953,3.8395579270749995,2048.0,96x96,14,1.7117881800824635,3.1172648505374996,1536.0,96x96,10,,,,,,,,,,,,,,,,2.5d,"{'from': 'Chiplet_1', 'to': 'Chiplet_2', 'connection_type': '2.5d_rdl', 'loc': '2.5d_chiplet'},{'from': 'Chiplet_1', 'to': 'Chiplet_3', 'connection_type': '2.5d_rdl', 'loc': '2.5d_chiplet'},{'from': 'Chiplet_2', 'to': 'Chiplet_1', 'connection_type': '2.5d_rdl', 'loc': '2.5d_chiplet'},{'from': 'Chiplet_2', 'to': 'Chiplet_3', 'connection_type': '2.5d_rdl', 'loc': '2.5d_chiplet'},{'from': 'Chiplet_3', 'to': 'Chiplet_1', 'connection_type': '2.5d_rdl', 'loc': '2.5d_chiplet'},{'from': 'Chiplet_3', 'to': 'Chiplet_2', 'connection_type': '2.5d_rdl', 'loc': '2.5d_chiplet'}",6,1.0,1.0,,,,ddr5,ucie_std,na,0,0,is,1,0,0
70,4.70320231597747,642980.67,33844.10997773292,1408150805.001142,666401.101464674,110688.80780302983,70,2.972908090547913,5.538366334949999,2048,128x128,10,0.743226759447044,1.3845915837374998,512.0,64x64,10,,,,,,,,,,,,,,,,,,,,,2.5d,"{'from': 'Chiplet_1', 'to': 'Chiplet_2', 'connection_type': '2.5d_emib', 'loc': '2.5d_chiplet'},{'from': 'Chiplet_2', 'to': 'Chiplet_1', 'connection_type': '2.5d_emib', 'loc': '2.5d_chiplet'}",13,3.0,,,,,hbm3,aib,na,1,0,is,1,0,0
71,2.972908090547913,1107869.01,35052.82370370104,5861490019.630326,374570.55260421825,198215.418221357,71,2.972908090547913,5.538366334949999,2048,128x128,10,1.5385781800824634,3.1172648505374996,1024.0,96x96,10,1.86237254,4.475,2048.0,128x128,7,,,,,,,,,,,,,,,,3d,"{'from': 'Chiplet_1', 'to': 'Chiplet_3', 'connection_type': '3d_u_bump', 'loc': 'stack0_base'},{'from': 'Chiplet_3', 'to': 'Chiplet_2', 'connection_type': '3d_u_bump', 'loc': 'stack0_middle1'},{'from': 'Chiplet_2', 'to': 'na', 'connection_type': '3d_u_bump', 'loc': 'stack0_top'}",4,2.0,2.0,,,,ddr4,na,ucie_3d,1,0,ws,1,0,0
72,7.419580457366197,989313.45,21036.905419671933,7043928818.9377365,282055.3259141494,196828.34285128763,72,7.419580457366196,12.973514847541198,6144,192x192,10,,,,,,,,,,,,,,,,,,,,,,,,,,2d,2d_na,8,,,,,,ddr4,na,na,0,0,is,0,0,0
73,2.9275721740793954,287225.78,6140.628465924717,12612179965.365473,730349.8039215687,283548.51430025004,73,2.927572174079395,3.8395579270749995,1024,96x96,14,,,,,,,,,,,,,,,,,,,,,,,,,,2d,2d_na,8,,,,,,ddr4,na,na,0,0,os,0,0,0
74,1.249405813087535,121743.54,2609.462231463382,9896334971.748047,3235101.274509804,283445.512559759,74,1.249405813087535,1.7054115854749998,256,64x64,14,,,,,,,,,,,,,,,,,,,,,,,,,,2d,2d_na,8,,,,,,ddr4,na,na,0,0,is,1,0,0
75,20.081015037012918,1865468.19,57758.795697234134,5265463296.927946,123619.89405052975,141889.30725302157,75,3.5867297574793953,3.8395579270749995,2048,96x96,14,12.799492673176792,15.979573171754398,4096.0,192x192,14,,,,,,,,,,,,,,,,,,,,,2.5d,"{'from': 'Chiplet_2', 'to': 'Chiplet_1', 'connection_type': '2.5d_emib', 'loc': '2.5d_chiplet'},{'from': 'Chiplet_1', 'to': 'Chiplet_2', 'connection_type': '2.5d_emib', 'loc': '2.5d_chiplet'}",2,6.0,,,,,ddr5,aib,na,0,0,os,0,0,0
76,15.862415027129854,1520470.3,33307.4206824836,7230686455.665468,332240.0653594771,215354.33599905306,76,0.378988,1.11875,256,64x64,7,6.975099908490179,6.821646341899999,4096.0,128x128,14,1.578984604787535,1.7054115854749998,768.0,64x64,14,2.597993382379395,3.8395579270749995,512.0,96x96,14,,,,,,,,,,,2.5d_3d,"{'from': 'Chiplet_3', 'to': 'Chiplet_1', 'connection_type': '3d_u_bump', 'loc': 'stack0_base'},{'from': 'Chiplet_1', 'to': 'na', 'connection_type': '3d_u_bump', 'loc': 'stack0_top'},{'from': 'Chiplet_2', 'to': 'Chiplet_4', 'connection_type': '2.5d_rdl', 'loc': '2.5d_chiplet'},{'from': 'Chiplet_2', 'to': 'Chiplet_3', 'connection_type': '2.5d_rdl', 'loc': '2.5d_chiplet'},{'from': 'Chiplet_4', 'to': 'Chiplet_2', 'connection_type': '2.5d_rdl', 'loc': '2.5d_chiplet'},{'from': 'Chiplet_4', 'to': 'Chiplet_3', 'connection_type': '2.5d_rdl', 'loc': '2.5d_chiplet'},{'from': 'Chiplet_3', 'to': 'Chiplet_4', 'connection_type': '2.5d_rdl', 'loc': '2.5d_chiplet'},{'from': 'Chiplet_3', 'to': 'Chiplet_2', 'connection_type': '2.5d_rdl', 'loc': '2.5d_chiplet'}",1,5.0,1.0,1.0,,,ddr5,ucie_std,ucie_3d,0,0,ws,0,0,0
77,15.43612490954679,1560971.21,33049.829690166654,5591598792.062403,347923.23529411765,205036.36938225682,77,15.436124909546791,15.979573171754398,8192,192x192,14,,,,,,,,,,,,,,,,,,,,,,,,,,2d,2d_na,8,,,,,,ddr4,na,na,1,0,is,1,0,0
78,24.77491680825928,2624725.36,54369.45927048871,2801726802.241946,121916.66666666666,102627.5244573575,78,4.9976252555201786,6.821646341899999,1024,128x128,14,15.436124909546791,15.979573171754398,8192.0,192x192,14,,,,,,,,,,,,,,,,,,,,,2.5d,"{'from': 'Chiplet_2', 'to': 'Chiplet_1', 'connection_type': '2.5d_rdl', 'loc': '2.5d_chiplet'},{'from': 'Chiplet_1', 'to': 'Chiplet_2', 'connection_type': '2.5d_rdl', 'loc': '2.5d_chiplet'}",4,12.0,,,,,hbm2,ucie_std,na,1,0,os,0,0,0
79,15.792027720887985,1716907.05,51224.7173616679,7353934563.057762,193893.89250814333,194617.03988730354,79,2.55521354,4.475,4096,128x128,7,0.378988,1.11875,256.0,64x64,7,0.46559300000000003,1.11875,512.0,64x64,7,1.8849981800824636,3.1172648505374996,2048.0,96x96,10,6.975099908490179,6.821646341899999,4096.0,128x128,14,,,,,,2.5d,"{'from': 'Chiplet_5', 'to': 'Chiplet_1', 'connection_type': '2.5d_rdl', 'loc': '2.5d_chiplet'},{'from': 'Chiplet_5', 'to': 'Chiplet_4', 'connection_type': '2.5d_rdl', 'loc': '2.5d_chiplet'},{'from': 'Chiplet_1', 'to': 'Chiplet_4', 'connection_type': '2.5d_rdl', 'loc': '2.5d_chiplet'},{'from': 'Chiplet_1', 'to': 'Chiplet_3', 'connection_type': '2.5d_rdl', 'loc': '2.5d_chiplet'},{'from': 'Chiplet_1', 'to': 'Chiplet_5', 'connection_type': '2.5d_rdl', 'loc': '2.5d_chiplet'},{'from': 'Chiplet_4', 'to': 'Chiplet_1', 'connection_type': '2.5d_rdl', 'loc': '2.5d_chiplet'},{'from': 'Chiplet_4', 'to': 'Chiplet_2', 'connection_type': '2.5d_rdl', 'loc': '2.5d_chiplet'},{'from': 'Chiplet_4', 'to': 'Chiplet_3', 'connection_type': '2.5d_rdl', 'loc': '2.5d_chiplet'},{'from': 'Chiplet_4', 'to': 'Chiplet_5', 'connection_type': '2.5d_rdl', 'loc': '2.5d_chiplet'},{'from': 'Chiplet_3', 'to': 'Chiplet_4', 'connection_type': '2.5d_rdl', 'loc': '2.5d_chiplet'},{'from': 'Chiplet_3', 'to': 'Chiplet_1', 'connection_type': '2.5d_rdl', 'loc': '2.5d_chiplet'},{'from': 'Chiplet_3', 'to': 'Chiplet_2', 'connection_type': '2.5d_rdl', 'loc': '2.5d_chiplet'},{'from': 'Chiplet_2', 'to': 'Chiplet_4', 'connection_type': '2.5d_rdl', 'loc': '2.5d_chiplet'},{'from': 'Chiplet_2', 'to': 'Chiplet_3', 'connection_type': '2.5d_rdl', 'loc': '2.5d_chiplet'}",1,1.0,1.0,1.0,4.0,,ddr5,ucie_std,na,0,0,ws,0,0,0
80,31.86334190911524,3691577.51,110083.32410590403,6750777595.222016,83007.94117647057,186458.11344324832,80,3.432469952,10.4826,2048,192x192,7,0.743226759447044,1.3845915837374998,512.0,64x64,10,6.726740457366197,12.973514847541198,4096.0,192x192,10,12.799492673176792,15.979573171754398,4096.0,192x192,14,,,,,,,,,,,2.5d_3d,"{'from': 'Chiplet_1', 'to': 'Chiplet_2', 'connection_type': '3d_tsv', 'loc': 'stack0_base'},{'from': 'Chiplet_2', 'to': 'na', 'connection_type': '3d_tsv', 'loc': 'stack0_top'},{'from': 'Chiplet_4', 'to': 'Chiplet_1', 'connection_type': '2.5d_emib', 'loc': '2.5d_chiplet'},{'from': 'Chiplet_4', 'to': 'Chiplet_3', 'connection_type': '2.5d_emib', 'loc': '2.5d_chiplet'},{'from': 'Chiplet_3', 'to': 'Chiplet_4', 'connection_type': '2.5d_emib', 'loc': '2.5d_chiplet'},{'from': 'Chiplet_3', 'to': 'Chiplet_1', 'connection_type': '2.5d_emib', 'loc': '2.5d_chiplet'},{'from': 'Chiplet_1', 'to': 'Chiplet_4', 'connection_type': '2.5d_emib', 'loc': '2.5d_chiplet'},{'from': 'Chiplet_1', 'to': 'Chiplet_3', 'connection_type': '2.5d_emib', 'loc': '2.5d_chiplet'}",1,1.0,2.0,4.0,,,ddr4,aib,ucie_3d,1,0,os,0,0,0
81,2.55521354,478350.12,11352.02166661814,6342563968.810877,427307.0392156863,151819.4427704495,81,2.55521354,4.475,4096,128x128,7,,,,,,,,,,,,,,,,,,,,,,,,,,2d,2d_na,8,,,,,,ddr4,na,na,1,0,ws,1,0,0
82,14.34318737661744,1768064.79,37073.278017343015,1432668645.7241516,326107.27808432904,155980.3676671685,82,2.6264880905479133,5.538366334949999,1024,128x128,10,1.5385781800824634,3.1172648505374996,1024.0,96x96,10,6.033899457366197,12.973514847541198,2048.0,192x192,10,,,,,,,,,,,,,,,,2.5d,"{'from': 'Chiplet_3', 'to': 'Chiplet_1', 'connection_type': '2.5d_rdl', 'loc': '2.5d_chiplet'},{'from': 'Chiplet_3', 'to': 'Chiplet_2', 'connection_type': '2.5d_rdl', 'loc': '2.5d_chiplet'},{'from': 'Chiplet_1', 'to': 'Chiplet_3', 'connection_type': '2.5d_rdl', 'loc': '2.5d_chiplet'},{'from': 'Chiplet_1', 'to': 'Chiplet_2', 'connection_type': '2.5d_rdl', 'loc': '2.5d_chiplet'},{'from': 'Chiplet_2', 'to': 'Chiplet_1', 'connection_type': '2.5d_rdl', 'loc': '2.5d_chiplet'},{'from': 'Chiplet_2', 'to': 'Chiplet_3', 'connection_type': '2.5d_rdl', 'loc': '2.5d_chiplet'}",4,2.0,10.0,,,,hbm2,ucie_std,na,0,0,ws,1,0,0
83,6.726740457366197,1687133.44,39664.94733819629,4364559631.5742445,301217.3428221198,183072.3751603742,83,0.378988,1.11875,256,64x64,7,2.55521354,4.475,4096.0,128x128,7,6.726740457366197,12.973514847541198,4096.0,192x192,10,,,,,,,,,,,,,,,,3d,"{'from': 'Chiplet_3', 'to': 'Chiplet_2', 'connection_type': '3d_tsv', 'loc': 'stack0_base'},{'from': 'Chiplet_2', 'to': 'Chiplet_1', 'connection_type': '3d_tsv', 'loc': 'stack0_middle1'},{'from': 'Chiplet_1', 'to': 'na', 'connection_type': '3d_tsv', 'loc': 'stack0_top'}",1,2.0,5.0,,,,ddr4,na,ucie_3d,1,0,ws,1,0,0
84,5.65678283892018,942567.12,24642.508243551438,10141039662.18549,452528.96514161216,264233.0202024843,84,5.656782838920179,6.821646341899999,2048,128x128,14,0.957922696,2.51875,1024.0,96x96,7,,,,,,,,,,,,,,,,,,,,,3d,"{'from': 'Chiplet_1', 'to': 'Chiplet_2', 'connection_type': '3d_u_bump', 'loc': 'stack0_base'},{'from': 'Chiplet_2', 'to': 'na', 'connection_type': '3d_u_bump', 'loc': 'stack0_top'}",7,1.0,,,,,ddr4,na,ucie_3d,1,0,ws,0,0,0
85,6.726740457366197,895210.57,19051.494863490203,3449699827.0940347,240321.710830635,120758.68940245581,85,6.726740457366197,12.973514847541198,4096,192x192,10,,,,,,,,,,,,,,,,,,,,,,,,,,2d,2d_na,8,,,,,,ddr5,na,na,1,0,is,1,0,0
86,26.923359323562238,5109001.82,147471.1140784103,1957548592.19778,49515.6786102063,78141.95836662014,86,3.432469952,10.4826,2048,192x192,7,3.3193280905479132,5.538366334949999,3072.0,128x128,10,3.432469952,10.4826,2048.0,192x192,7,6.975099908490179,6.821646341899999,4096.0,128x128,14,8.112421457366196,12.973514847541198,8192.0,192x192,10,,,,,,2.5d_3d,"{'from': 'Chiplet_1', 'to': 'Chiplet_2', 'connection_type': '3d_hyb_bond', 'loc': 'stack0_base'},{'from': 'Chiplet_2', 'to': 'na', 'connection_type': '3d_hyb_bond', 'loc': 'stack0_top'},{'from': 'Chiplet_5', 'to': 'Chiplet_4', 'connection_type': '2.5d_emib', 'loc': '2.5d_chiplet'},{'from': 'Chiplet_5', 'to': 'Chiplet_1', 'connection_type': '2.5d_emib', 'loc': '2.5d_chiplet'},{'from': 'Chiplet_5', 'to': 'Chiplet_3', 'connection_type': '2.5d_emib', 'loc': '2.5d_chiplet'},{'from': 'Chiplet_3', 'to': 'Chiplet_1', 'connection_type': '2.5d_emib', 'loc': '2.5d_chiplet'},{'from': 'Chiplet_3', 'to': 'Chiplet_5', 'connection_type': '2.5d_emib', 'loc': '2.5d_chiplet'},{'from': 'Chiplet_4', 'to': 'Chiplet_1', 'connection_type': '2.5d_emib', 'loc': '2.5d_chiplet'},{'from': 'Chiplet_4', 'to': 'Chiplet_5', 'connection_type': '2.5d_emib', 'loc': '2.5d_chiplet'},{'from': 'Chiplet_1', 'to': 'Chiplet_4', 'connection_type': '2.5d_emib', 'loc': '2.5d_chiplet'},{'from': 'Chiplet_1', 'to': 'Chiplet_3', 'connection_type': '2.5d_emib', 'loc': '2.5d_chiplet'},{'from': 'Chiplet_1', 'to': 'Chiplet_5', 'connection_type': '2.5d_emib', 'loc': '2.5d_chiplet'}",2,2.0,2.0,5.0,5.0,,hbm3,ucie_adv,ucie_3d,0,0,ws,0,0,0
87,19.82355381951028,3038098.82,55203.024208406554,1803166731.9506612,759831.0552929777,410981.9074019284,87,3.3193280905479132,5.538366334949999,3072,128x128,10,12.799492673176792,15.979573171754398,4096.0,192x192,14,3.3193280905479132,5.538366334949999,3072.0,128x128,10,,,,,,,,,,,,,,,,2.5d_3d,"{'from': 'Chiplet_1', 'to': 'Chiplet_3', 'connection_type': '3d_hyb_bond', 'loc': 'stack0_base'},{'from': 'Chiplet_3', 'to': 'na', 'connection_type': '3d_hyb_bond', 'loc': 'stack0_top'},{'from': 'Chiplet_2', 'to': 'Chiplet_1', 'connection_type': '2.5d_rdl', 'loc': '2.5d_chiplet'},{'from': 'Chiplet_1', 'to': 'Chiplet_2', 'connection_type': '2.5d_rdl', 'loc': '2.5d_chiplet'}",3,10.0,3.0,,,,hbm3,ucie_std,ucie_3d,1,0,is,1,0,0
88,8.884301801058202,1814681.13,55006.93106630423,1780056371.4234698,239015.35232611155,103147.48882526006,88,1.743774000637535,1.7054115854749998,1024,64x64,14,4.818150952,10.4826,6144.0,192x192,7,2.927572174079395,3.8395579270749995,1024.0,96x96,14,,,,,,,,,,,,,,,,2.5d_3d,"{'from': 'Chiplet_2', 'to': 'Chiplet_1', 'connection_type': '3d_tsv', 'loc': 'stack0_base'},{'from': 'Chiplet_1', 'to': 'na', 'connection_type': '3d_tsv', 'loc': 'stack0_top'},{'from': 'Chiplet_2', 'to': 'Chiplet_3', 'connection_type': '2.5d_emib', 'loc': '2.5d_chiplet'},{'from': 'Chiplet_3', 'to': 'Chiplet_2', 'connection_type': '2.5d_emib', 'loc': '2.5d_chiplet'}",3,8.0,5.0,,,,hbm3,aib,ucie_3d,1,0,ws,1,0,0
89,48.10999799519031,5076383.1,110878.41754036154,6891678033.852619,89299.41176470587,209286.89039504773,89,14.117807839976791,15.979573171754398,6144,192x192,14,2.927572174079395,3.8395579270749995,1024.0,96x96,14,5.656782838920179,6.821646341899999,2048.0,128x128,14,6.726740457366197,12.973514847541198,4096.0,192x192,10,2.597993382379395,3.8395579270749995,512.0,96x96,14,5.656782838920179,6.821646341899999,2048.0,128x128,14,2.5d_3d,"{'from': 'Chiplet_1', 'to': 'Chiplet_6', 'connection_type': '3d_u_bump', 'loc': 'stack0_base'},{'from': 'Chiplet_6', 'to': 'na', 'connection_type': '3d_u_bump', 'loc': 'stack0_top'},{'from': 'Chiplet_1', 'to': 'Chiplet_4', 'connection_type': '2.5d_rdl', 'loc': '2.5d_chiplet'},{'from': 'Chiplet_1', 'to': 'Chiplet_3', 'connection_type': '2.5d_rdl', 'loc': '2.5d_chiplet'},{'from': 'Chiplet_1', 'to': 'Chiplet_5', 'connection_type': '2.5d_rdl', 'loc': '2.5d_chiplet'},{'from': 'Chiplet_5', 'to': 'Chiplet_1', 'connection_type': '2.5d_rdl', 'loc': '2.5d_chiplet'},{'from': 'Chiplet_5', 'to': 'Chiplet_3', 'connection_type': '2.5d_rdl', 'loc': '2.5d_chiplet'},{'from': 'Chiplet_4', 'to': 'Chiplet_1', 'connection_type': '2.5d_rdl', 'loc': '2.5d_chiplet'},{'from': 'Chiplet_4', 'to': 'Chiplet_3', 'connection_type': '2.5d_rdl', 'loc': '2.5d_chiplet'},{'from': 'Chiplet_4', 'to': 'Chiplet_2', 'connection_type': '2.5d_rdl', 'loc': '2.5d_chiplet'},{'from': 'Chiplet_3', 'to': 'Chiplet_1', 'connection_type': '2.5d_rdl', 'loc': '2.5d_chiplet'},{'from': 'Chiplet_3', 'to': 'Chiplet_2', 'connection_type': '2.5d_rdl', 'loc': '2.5d_chiplet'},{'from': 'Chiplet_3', 'to': 'Chiplet_4', 'connection_type': '2.5d_rdl', 'loc': '2.5d_chiplet'},{'from': 'Chiplet_3', 'to': 'Chiplet_5', 'connection_type': '2.5d_rdl', 'loc': '2.5d_chiplet'},{'from': 'Chiplet_2', 'to': 'Chiplet_4', 'connection_type': '2.5d_rdl', 'loc': '2.5d_chiplet'},{'from': 'Chiplet_2', 'to': 'Chiplet_3', 'connection_type': '2.5d_rdl', 'loc': '2.5d_chiplet'}",3,1.0,1.0,1.0,1.0,1.0,ddr4,ucie_std,ucie_3d,0,0,ws,0,0,0
90,1.249405813087535,346123.22,10472.600812791521,1484201738.4776628,900176.9835626557,74023.75178701492,90,1.249405813087535,1.7054115854749998,256,64x64,14,0.552198,1.11875,768.0,64x64,7,,,,,,,,,,,,,,,,,,,,,3d,"{'from': 'Chiplet_1', 'to': 'Chiplet_2', 'connection_type': '3d_hyb_bond', 'loc': 'stack0_base'},{'from': 'Chiplet_2', 'to': 'na', 'connection_type': '3d_hyb_bond', 'loc': 'stack0_top'}",11,5.0,,,,,hbm3,na,ucie_3d,0,0,os,1,0,0
91,11.327454909792822,2060733.62,69478.69028445434,4119282493.6770353,507649.38593434327,324706.4131475227,91,3.432469952,10.4826,2048,192x192,7,6.315940422320179,6.821646341899999,3072.0,128x128,14,3.2571509657793953,3.8395579270749995,1536.0,96x96,14,2.6264880905479133,5.538366334949999,1024.0,128x128,10,,,,,,,,,,,2.5d_3d,"{'from': 'Chiplet_2', 'to': 'Chiplet_3', 'connection_type': '3d_tsv', 'loc': 'stack0_base'},{'from': 'Chiplet_3', 'to': 'Chiplet_4', 'connection_type': '3d_tsv', 'loc': 'stack0_middle1'},{'from': 'Chiplet_4', 'to': 'na', 'connection_type': '3d_tsv', 'loc': 'stack0_top'},{'from': 'Chiplet_2', 'to': 'Chiplet_1', 'connection_type': '2.5d_emib', 'loc': '2.5d_chiplet'},{'from': 'Chiplet_1', 'to': 'Chiplet_2', 'connection_type': '2.5d_emib', 'loc': '2.5d_chiplet'}",2,3.0,2.0,1.0,,,ddr4,bow,ucie_3d,1,0,ws,1,0,0
92,7.41421284424792,973609.46,23145.593905309037,4942834680.797598,1506412.8427436133,400793.79909877444,92,1.5385781800824634,3.1172648505374996,1024,96x96,10,0.552198,1.11875,768.0,64x64,7,1.5385781800824634,3.1172648505374996,1024.0,96x96,10,2.927572174079395,3.8395579270749995,1024.0,96x96,14,,,,,,,,,,,2.5d_3d,"{'from': 'Chiplet_3', 'to': 'Chiplet_2', 'connection_type': '3d_hyb_bond', 'loc': 'stack0_base'},{'from': 'Chiplet_2', 'to': 'na', 'connection_type': '3d_hyb_bond', 'loc': 'stack0_top'},{'from': 'Chiplet_4', 'to': 'Chiplet_1', 'connection_type': '2.5d_rdl', 'loc': '2.5d_chiplet'},{'from': 'Chiplet_4', 'to': 'Chiplet_3', 'connection_type': '2.5d_rdl', 'loc': '2.5d_chiplet'},{'from': 'Chiplet_1', 'to': 'Chiplet_4', 'connection_type': '2.5d_rdl', 'loc': '2.5d_chiplet'},{'from': 'Chiplet_1', 'to': 'Chiplet_3', 'connection_type': '2.5d_rdl', 'loc': '2.5d_chiplet'},{'from': 'Chiplet_3', 'to': 'Chiplet_4', 'connection_type': '2.5d_rdl', 'loc': '2.5d_chiplet'},{'from': 'Chiplet_3', 'to': 'Chiplet_1', 'connection_type': '2.5d_rdl', 'loc': '2.5d_chiplet'}",2,1.0,2.0,3.0,,,ddr5,ucie_std,ucie_3d,0,0,os,1,0,0
93,2.597993382379395,740662.2,23084.94176732309,1681626206.8289664,401815.34278094,86148.8065635821,93,0.957922696,2.51875,1024,96x96,7,0.46559300000000003,1.11875,512.0,64x64,7,2.597993382379395,3.8395579270749995,512.0,96x96,14,,,,,,,,,,,,,,,,3d,"{'from': 'Chiplet_3', 'to': 'Chiplet_1', 'connection_type': '3d_u_bump', 'loc': 'stack0_base'},{'from': 'Chiplet_1', 'to': 'Chiplet_2', 'connection_type': '3d_u_bump', 'loc': 'stack0_middle1'},{'from': 'Chiplet_2', 'to': 'na', 'connection_type': '3d_u_bump', 'loc': 'stack0_top'}",4,2.0,10.0,,,,hbm2,na,ucie_3d,1,0,os,1,0,0
94,4.125310952,777616.72,18391.71465105542,4455403253.874164,208753.94117647057,122177.0162218638,94,4.1253109519999995,10.4826,4096,192x192,7,,,,,,,,,,,,,,,,,,,,,,,,,,2d,2d_na,8,,,,,,ddr4,na,na,0,0,is,1,0,0
95,29.91225252841628,3610653.72,150973.93260033563,1910557370.4985015,434753.01410157967,289260.29481246346,95,0.552198,1.11875,768,64x64,7,14.117807839976791,15.979573171754398,6144.0,192x192,14,0.784712696,2.51875,512.0,96x96,7,1.578984604787535,1.7054115854749998,768.0,64x64,14,4.1253109519999995,10.4826,4096.0,192x192,7,,,,,,2.5d,"{'from': 'Chiplet_2', 'to': 'Chiplet_4', 'connection_type': '2.5d_emib', 'loc': '2.5d_chiplet'},{'from': 'Chiplet_2', 'to': 'Chiplet_5', 'connection_type': '2.5d_emib', 'loc': '2.5d_chiplet'},{'from': 'Chiplet_5', 'to': 'Chiplet_4', 'connection_type': '2.5d_emib', 'loc': '2.5d_chiplet'},{'from': 'Chiplet_5', 'to': 'Chiplet_2', 'connection_type': '2.5d_emib', 'loc': '2.5d_chiplet'},{'from': 'Chiplet_5', 'to': 'Chiplet_3', 'connection_type': '2.5d_emib', 'loc': '2.5d_chiplet'},{'from': 'Chiplet_4', 'to': 'Chiplet_1', 'connection_type': '2.5d_emib', 'loc': '2.5d_chiplet'},{'from': 'Chiplet_4', 'to': 'Chiplet_2', 'connection_type': '2.5d_emib', 'loc': '2.5d_chiplet'},{'from': 'Chiplet_4', 'to': 'Chiplet_5', 'connection_type': '2.5d_emib', 'loc': '2.5d_chiplet'},{'from': 'Chiplet_4', 'to': 'Chiplet_3', 'connection_type': '2.5d_emib', 'loc': '2.5d_chiplet'},{'from': 'Chiplet_3', 'to': 'Chiplet_4', 'connection_type': '2.5d_emib', 'loc': '2.5d_chiplet'},{'from': 'Chiplet_3', 'to': 'Chiplet_1', 'connection_type': '2.5d_emib', 'loc': '2.5d_chiplet'},{'from': 'Chiplet_3', 'to': 'Chiplet_5', 'connection_type': '2.5d_emib', 'loc': '2.5d_chiplet'},{'from': 'Chiplet_1', 'to': 'Chiplet_4', 'connection_type': '2.5d_emib', 'loc': '2.5d_chiplet'},{'from': 'Chiplet_1', 'to': 'Chiplet_3', 'connection_type': '2.5d_emib', 'loc': '2.5d_chiplet'}",1,10.0,1.0,1.0,3.0,,hbm3,aib,na,0,0,ws,1,0,0
96,14.283296243689755,1941712.05,59429.54816855591,5137538988.50621,182687.83122976276,166695.4295329253,96,1.578984604787535,1.7054115854749998,768,64x64,14,5.656782838920179,6.821646341899999,2048.0,128x128,14,7.419580457366196,12.973514847541198,6144.0,192x192,10,,,,,,,,,,,,,,,,2.5d_3d,"{'from': 'Chiplet_3', 'to': 'Chiplet_1', 'connection_type': '3d_tsv', 'loc': 'stack0_base'},{'from': 'Chiplet_1', 'to': 'na', 'connection_type': '3d_tsv', 'loc': 'stack0_top'},{'from': 'Chiplet_3', 'to': 'Chiplet_2', 'connection_type': '2.5d_emib', 'loc': '2.5d_chiplet'},{'from': 'Chiplet_2', 'to': 'Chiplet_3', 'connection_type': '2.5d_emib', 'loc': '2.5d_chiplet'}",1,3.0,4.0,,,,ddr5,ucie_adv,ucie_3d,0,0,is,0,0,0
97,21.21426102475599,2481646.57,107363.87676292859,1410616685.5357385,421706.3846378173,222334.52501002318,97,1.578984604787535,1.7054115854749998,768,64x64,14,6.033899457366197,12.973514847541198,2048.0,192x192,10,5.656782838920179,6.821646341899999,2048.0,128x128,14,3.2571509657793953,3.8395579270749995,1536.0,96x96,14,,,,,,,,,,,2.5d,"{'from': 'Chiplet_2', 'to': 'Chiplet_1', 'connection_type': '2.5d_emib', 'loc': '2.5d_chiplet'},{'from': 'Chiplet_2', 'to': 'Chiplet_3', 'connection_type': '2.5d_emib', 'loc': '2.5d_chiplet'},{'from': 'Chiplet_1', 'to': 'Chiplet_4', 'connection_type': '2.5d_emib', 'loc': '2.5d_chiplet'},{'from': 'Chiplet_1', 'to': 'Chiplet_2', 'connection_type': '2.5d_emib', 'loc': '2.5d_chiplet'},{'from': 'Chiplet_3', 'to': 'Chiplet_4', 'connection_type': '2.5d_emib', 'loc': '2.5d_chiplet'},{'from': 'Chiplet_3', 'to': 'Chiplet_2', 'connection_type': '2.5d_emib', 'loc': '2.5d_chiplet'},{'from': 'Chiplet_4', 'to': 'Chiplet_1', 'connection_type': '2.5d_emib', 'loc': '2.5d_chiplet'},{'from': 'Chiplet_4', 'to': 'Chiplet_3', 'connection_type': '2.5d_emib', 'loc': '2.5d_chiplet'}",2,6.0,5.0,3.0,,,hbm3,bow,na,1,0,os,1,0,0
98,6.96476512106424,984215.47,26647.2805595577,6643609000.392357,111619.11764705883,147217.00113704806,98,1.578984604787535,1.7054115854749998,768,64x64,14,4.1253109519999995,10.4826,4096.0,192x192,7,,,,,,,,,,,,,,,,,,,,,2.5d,"{'from': 'Chiplet_2', 'to': 'Chiplet_1', 'connection_type': '2.5d_rdl', 'loc': '2.5d_chiplet'},{'from': 'Chiplet_1', 'to': 'Chiplet_2', 'connection_type': '2.5d_rdl', 'loc': '2.5d_chiplet'}",2,6.0,,,,,ddr4,ucie_std,na,1,0,os,0,0,0
99,10.094004491686748,1188033.54,25866.12125317405,2055611062.6880927,109431.4006514658,62672.08126019513,99,5.656782838920179,6.821646341899999,2048,128x128,14,2.972908090547913,5.538366334949999,2048.0,128x128,10,,,,,,,,,,,,,,,,,,,,,2.5d,"{'from': 'Chiplet_1', 'to': 'Chiplet_2', 'connection_type': '2.5d_rdl', 'loc': '2.5d_chiplet'},{'from': 'Chiplet_2', 'to': 'Chiplet_1', 'connection_type': '2.5d_rdl', 'loc': '2.5d_chiplet'}",10,6.0,,,,,hbm3,ucie_std,na,0,0,os,0,0,0
